header,1,2,3,4,5,6,7,8,9,10,11,12,13,14,15,16,17,18,19,20,21,22,23,24,25,26,27,28,29,30,31,32,33,34,35,36,37,38,39,40,41,42,43,44,45,46,47,48,49,50,51,52,53,54,55,56,57,58,59,60,61,62,63,64,65,66,67,68,69,70,71,72,73,74,75,76,77,78
row_1,0.072355522533431,0.10840625951549282,-0.06778511363619916,0.0593259485942392,0.02871019671051759,0.03739802377613687,-0.03684583949883709,0.023552681238366832,0.09732256757299353,-0.0028932461810135604,0.021817850970384148,-0.013012149702678864,0.05143745453673777,-0.007086502030735088,0.039176228193378806,-0.031207050259151686,0.14953955982079015,0.06406922116344503,0.028426999549962223,0.08447748566378883,0.014754097878379002,-0.060510425253747814,0.07088641623749577,-0.03863882735432471,0.03641590852666772,-0.02100900184615296,0.01371478134789193,0.06153762879006484,0.03930127018973932,-0.009957312870742191,0.03581450529541481,-0.04428386757265122,0.015366723056893808,-0.0428516677050207,0.005368711413161125,0.05257364561039515,2.9431647343458253e-05,0.019528628198827308,-0.051760452918303286,0.08233609668920057,-0.04534281175791394,0.008307437698312133,0.08734007938363182,0.002970837583458159,-0.0041787727620409346,0.028030903375718536,0.051252821783693094,0.0074264999245446765,0.05602575000393279,0.04435959959844039,-0.028606388892459565,0.026438838306142763,0.08716115882845046,0.040411384380307225,-0.05397979142185735,-0.00119180127323885,0.03997166960046788,0.02219065976507481,0.07331669428389789,0.005402655379462846,-0.005048816025028845,0.026814692408337323,0.06137656147990545,0.04884451586862594,0.0024168221512355405,-0.03757298467819062,0.11197414006562646,0.07277735701509849,0.03805125816930174,0.06945985468676784,0.0940393991803237,0.023051203331326806,0.07024099208250384,0.11869578436511108,0.06927491274928635,-0.021705396017447944,0.0070664871305638945,0.08394479691012127
row_2,0.06640460672670437,0.1311777780176386,0.028096865265636393,-0.0058583619565039085,0.06325292561656602,0.049438087224488086,0.0004401514677303889,-0.009767480821822976,0.08542828720557236,0.0680371125363275,0.013683136586452805,0.006539008805758255,0.02791392990870399,0.03178233321178469,0.02249553777728784,0.005934255261648716,0.08527893061003272,0.15618344967665776,0.06771030168846894,0.07763164773134582,0.07162180811400293,-0.034461576951807744,0.007512485331770083,0.023169846004904834,-0.0015833083272723779,0.011167569198389883,-0.0053950587107176665,0.05496979095106892,0.0696378342618837,0.021189038425012345,0.018921213605174906,-0.006091360688211733,-0.021904730086480494,-0.01986513547267932,-0.026172817902393845,0.042737491069774786,0.03850133868907613,0.013792326627480422,-0.023816275950915053,0.021685463188417582,0.02663758742885298,-0.028274827905661114,0.06904010474016681,0.06323603845968997,-0.0008894092775162399,0.016659464828185356,0.05618734396110425,0.04251854942379604,0.04456313189213555,0.07456593439521211,0.011142420562611447,-0.0015393283583934325,0.08389085442792366,0.08980535807543148,-0.010123297361880505,-0.040500678672437146,0.027075124114830897,0.0449401854148464,0.07007056825399616,0.05632338621695973,0.00024745056187240773,0.015675679239757143,0.06428286073376263,0.07656614296159082,0.0360729676169316,-0.02525858419939816,0.052552845194673264,0.13256868960621146,0.07677774187387809,0.07912781262235934,0.12086575799770706,0.08147733481148252,0.0670086071991039,0.1389659281965032,0.13060857008578966,0.03582011491146074,-0.010483883274544692,0.06724481308807448
row_3,0.11677948468990737,0.06394594990941482,0.056079218520025786,0.011445067004375241,0.07542730110553195,0.01712261860633119,0.014186759578352446,0.04957265151981723,0.06901997079266556,0.06885450285070538,0.0035301803883453532,0.03608361407181398,0.01830245585266478,0.048006665726316636,0.000576978517635612,0.09500325719721259,0.10834821626773283,0.14328096933671663,0.10241062919969357,0.07213206877948275,0.023174489998885953,0.015027329865209625,-0.016442066732454564,0.03874228307884846,-0.013634853349371368,0.01741716154804613,0.03249876306666617,0.06674413002173861,0.0519668117278754,0.03986156426901538,-0.010985740253579079,0.004097270268195927,-0.04331851819471982,-0.01293711574983868,0.00888566349629758,0.0359497497261362,0.04233397243003511,-0.01886192508185821,0.029543391483080852,-0.008389650886931653,0.027988555518411257,0.030645514542720586,0.0570494321647073,0.0503849382774652,0.01541608637670754,0.043190646047167665,0.05016256572692121,0.0662256023624895,0.06448610955469102,0.04222040242908764,0.0245552860708892,0.05069221865419091,0.0921204726605495,0.04425220219147307,-0.00866445698361868,-0.009093880840777824,0.035345814776252385,0.07831481666516177,0.06060938701293145,0.04200972696045654,0.015546230074896725,0.0496044137212731,0.07835241365845988,0.06259532985570992,0.007862477831813746,0.04443389035884521,0.08379032592128402,0.12870133456698127,0.10506188797235091,0.12111489875487086,0.10868161890347866,0.10708970568681106,0.12442267830191281,0.15104892077442952,0.09713424459515643,0.03266924184406451,0.040314102871894984,0.07964437881265554
row_4,0.12545901623211433,0.06274670402194348,0.08121852892243041,0.06073715813693417,0.027979960071133805,0.0437165967605387,0.026263744814236156,0.06045914296024302,0.040402387772845036,0.06850783677985983,0.05153387036566126,0.02866841355173809,0.02643764097872072,0.034409436877406295,0.02510987560356895,0.07299542794925082,0.11407585524021266,0.10351841872452477,0.15934062681602895,0.09407139669698414,0.03300463895529074,0.05458928353599303,-0.0067305272948114045,0.003874040356047298,0.023090307267904335,-0.0047541287133765694,0.04526758757455028,0.04592229050896152,0.05134589380391958,0.06207947786525204,0.010709395210858199,-0.001522958201630396,-0.017670818332322456,-0.0332319313346792,0.01505706353419298,0.00768829006010506,0.039146701087565045,0.010065282544822241,0.024183883365537933,0.002362528999378815,-0.0031965621898780855,0.06780645259726453,0.026758600767250708,0.046520414311595155,0.05475329414245066,0.037309624017673265,0.0398899814983145,0.0688539248431122,0.07868713332135166,0.038726953094735665,0.0489216271430208,0.06294213244057842,0.060787601565901885,0.0525176847114361,0.03524126799518691,0.012305261437974592,0.003571293452548918,0.0635669308132764,0.06929113158581413,0.047461523590261706,0.04747284494991249,0.0429067115876837,0.06393856748289507,0.06519474977959427,0.03557179083016683,0.060301929829333065,0.07119195445173349,0.08875514595403076,0.14510135199800805,0.13357811900315922,0.11053374191271562,0.1253352314741596,0.14650877068839854,0.13839080346536228,0.11844450486938565,0.08420239276716013,0.0681322983736487,0.05493088447054882
row_5,0.07783966197982302,0.07796415017405829,0.0828212701086253,0.06982837497417546,0.008756146279835448,0.049294000073364444,0.06457133390195569,0.05167757156985156,0.04484288378690357,0.05445189413139618,0.06686789998773138,0.021765797767108755,0.03944806720659225,0.01657281424446918,0.08421926479770314,0.0923047341767662,0.11095140177143771,0.12525660887079273,0.14645070195232313,0.05696432000125752,0.05933067739845277,0.030489356814491598,0.009734169649097846,-0.005458127410047579,0.02637518218615713,0.022611060555952883,0.054916583931240354,0.03573335612894458,0.06089335938316553,0.03546535223895156,0.016221410379327162,-0.019631188811849623,-0.01307715589847197,-0.005982967643389611,0.013322636425650031,0.015116654198895461,0.011387650629289339,0.04369323985566853,0.002034152113158383,0.0057367568723894185,0.03581891746082379,0.05955733533131025,0.021481110185809386,0.05085406894170698,0.06811552562422912,0.0361560733348088,0.05691949062274166,0.0808568505313912,0.0554690933099097,0.045384823206850035,0.08126363547566914,0.07031373976368172,0.03094533291996884,0.04351199614187788,0.047924758727483724,0.020496644794128015,0.03473403232253212,0.057719595142936404,0.05793715426556287,0.05205405179569942,0.06649107696463324,0.057459728124951204,0.05538152378167055,0.04165724297961765,0.07692308486373416,0.0821131150912648,0.07757597185564769,0.10902631306495848,0.16531574972740073,0.12469745297230025,0.1263977999349344,0.15820655301003564,0.15600943060642894,0.11442693826328967,0.10504899658171363,0.10790962238363418,0.07845763466960615,0.06918892205889524
row_6,0.08838110924477356,0.09069153227630747,0.08036879043383416,0.08937680394258447,0.04842318442915183,0.016872440913142182,0.0809350826777315,0.056944129986373236,0.05469422187455609,0.03504473921981513,0.06885365060824332,0.05679599517804046,0.034243146888442655,0.023332420198287254,0.07178529862431142,0.099886400482103,0.09349540421378788,0.13016512906714756,0.1178299319166845,0.10938646159263124,0.0777173208413894,0.03780529060390919,0.040391796106666725,0.0006903445688357102,0.0002931150353962589,0.047233107651427415,0.03469617742400059,0.04552576592759604,0.04607278568605862,0.037332119423445984,0.03807149804291854,-0.0025748717063092605,-0.015560878891145382,0.008435602384970993,-0.005363628047317045,0.019388893175505982,-0.006690276690197355,0.041826372449806665,0.021841610762944264,0.0050755611232942595,0.03968643370734963,0.032623099335555905,0.051328093743663775,0.029171157733904236,0.06386539970050435,0.06416935009263208,0.05232639390567266,0.06949216726125623,0.06019781355592804,0.060215444927756254,0.07565797344519694,0.08570024746785414,0.044123486259388944,0.026619398842787988,0.05441642551250927,0.05170420367167615,0.045535256338082225,0.03293642732931652,0.050072949263223206,0.06132001990849285,0.06923139358219324,0.07714021601906436,0.05088987170573683,0.035521895542786314,0.07832759896047808,0.09429364644986991,0.08743563649743785,0.09691977323184073,0.13140077558536767,0.15595296143442255,0.13849297486066472,0.15560720536401065,0.16627722192671268,0.1352859694204826,0.10288439207197383,0.12476245199568414,0.11468507440232648,0.08792656923193401
row_7,0.09841300255560213,0.09065025639261404,0.08556122115624817,0.06795516477989752,0.052202528793605325,0.04829965533037986,0.07203009098679618,0.05866754833911229,0.04491604561051375,0.04947527405775461,0.05911648129740989,0.06460842134674569,0.02000623613808563,0.07289476458927903,0.08641550426093286,0.10028350124320284,0.11263412036668811,0.12282523113106784,0.08599134745904242,0.12260651967485735,0.05611945670888022,0.04556460325255652,0.029530956272904904,0.0053569417207691775,0.021472810155170483,0.055163847479061515,0.027861931708954773,0.05376767375935219,0.026022201261082817,0.03929789831613796,0.01881513112003896,-0.00043555891849433176,0.004185159898690605,0.007638328519058928,0.0019869128158381496,-0.0005760646120089603,0.022839226767333392,0.021607164346807848,0.022812052295526346,0.035340494169069384,0.03598566602197919,0.02781545703281913,0.05473175968434962,0.04315616076342438,0.06049986445864278,0.0753645153936979,0.06312877349392006,0.05220252386810778,0.06360660913634475,0.08551885237312289,0.08066458439964219,0.059706241111424335,0.038829776202552006,0.03782622666859328,0.05708795460245841,0.07042452479785377,0.04255178092052561,0.02778141054204125,0.05349660361614479,0.07570201767179328,0.07801251905089455,0.06906738512970284,0.03346037808419569,0.0686244953130862,0.09336077616769928,0.09770923904607104,0.10440881323679792,0.11767259868623338,0.12643128703044548,0.16566315378356927,0.16293426234428446,0.1617582659874083,0.14649517061210848,0.12178653306587135,0.12006754009380788,0.12866149376262115,0.1170189335610774,0.11001545980925109
row_8,0.10484219958129737,0.09804631370343557,0.09488050539293147,0.06725797119236049,0.06997294565629358,0.07727092901940205,0.043221929298007056,0.07262202600252939,0.049715558751950474,0.05751193762490504,0.04237767553204848,0.06661805736409038,0.049317826440195466,0.0656809535532897,0.08737680324556785,0.08806358311193233,0.11706605375537328,0.1086129285778594,0.0924613105289793,0.10088463037350258,0.09982878558956068,0.06164651331658909,0.03549868379677723,0.03157581710397757,0.024284986604311318,0.0317005725817542,0.04747457241366007,0.03677668607448028,0.034994361773340824,0.028913093823462188,0.02167779442687287,0.018885012075494725,0.016395360185410424,0.00384323999763282,0.013010468032417847,-0.014707227067984514,0.02577208341005517,0.006321365239028284,0.022525877183312757,0.04884998562804138,0.032536137387412095,0.03160956705793749,0.03353974775891063,0.06513017691603909,0.04187044090551375,0.07182696734337549,0.08386788135504933,0.04826455584602534,0.056581050677516245,0.08670271490548412,0.08887444739499387,0.05728989699687658,0.05375157697172295,0.047883556174552575,0.04203290749365982,0.07436241943489733,0.06576483901885077,0.037447617100909145,0.033455437953084165,0.06730956336769935,0.08323578894007497,0.06995754984700657,0.05181627397342217,0.06413334009968032,0.08370696428214772,0.09675129834206408,0.1135046686983727,0.12290334724544658,0.11569028982215077,0.1388212120793949,0.18525198017946473,0.16863302413851472,0.14492450413342295,0.1332525424606894,0.13645857993097277,0.12499549160257417,0.12992246232246177,0.13567029968670913
row_9,0.10387026763118262,0.10191752367392305,0.07767880564123039,0.06922224924464927,0.09279737573242315,0.07046998915113903,0.04639610666448454,0.06392173770305352,0.06068580881958226,0.05028661067444541,0.05073313211977276,0.05273244423341448,0.08958048930352294,0.07947935180961516,0.08932401117893499,0.10546068769413014,0.11396208103001228,0.08253312328248533,0.10650943574249734,0.08223991181706852,0.10131377324611957,0.05148252092035905,0.036954185747532425,0.04731090465548988,0.033773655944692275,0.02660979141944863,0.05405671177861949,0.02102713201709018,0.03712653859824251,0.013839239103299168,0.021662694612715104,0.033018371249579244,0.01514345066559165,0.009227766648776255,-0.002964687590002542,0.01064427364182624,0.01044803652880948,0.008307947363034906,0.04666987770128265,0.045398925098388596,0.028815489341350142,0.03680030817562772,0.0456227515941153,0.06242831197067615,0.05425321240552966,0.08033283889181049,0.0687154538328783,0.05291198498912207,0.07842235732418097,0.0898279477120532,0.06731665675795984,0.052138682658394435,0.06115331215453797,0.051639136565585844,0.0592913712193996,0.06970775908304902,0.059855253817104034,0.04165433238040539,0.04829237202616212,0.07560882158819009,0.07564220028830826,0.05437973250811797,0.07889155862854087,0.07820845814259644,0.08837588625393353,0.11176586772099553,0.13027221008674558,0.1211820622070621,0.12834165954411364,0.16085214904421435,0.18862839529932313,0.15286792064194865,0.13425363307131383,0.14705820811410159,0.1397545237106611,0.1270279936956947,0.14641358963556705,0.1231616951508951
row_10,0.09575741732172124,0.10645597559585648,0.08555185316090305,0.07847257913395642,0.0902082564076356,0.08478939285032774,0.07165098853551718,0.03984141062389966,0.07246260848747932,0.05370105163469951,0.05742622544142319,0.038920937174545374,0.08984704237089747,0.10044651902683817,0.08153828956234048,0.1050972949128853,0.10239213429351793,0.08938824641395782,0.09537704398724635,0.0879221321159381,0.08489185231032122,0.08924944631375836,0.05164049167505485,0.050896022260390035,0.0542367188074066,0.028665579834441297,0.034116404736742684,0.038103836467460794,0.023831673086926887,0.022420815510766547,0.014349307857099123,0.034556854697981046,0.03068401351483508,0.01924047820170686,-0.005484782576511539,0.019473554472590887,-0.0024116002748976297,0.011932304616061434,0.03153117517721589,0.0435877826315188,0.04079979553877676,0.0338371906017176,0.047339715499364735,0.04443084715058393,0.07179037369311544,0.06267495018148832,0.06628265992133944,0.07140473435734276,0.07305683640692184,0.0820959559526736,0.06945984921621366,0.061609348718579024,0.059035963913552106,0.0635163024353658,0.06667898765376161,0.05617581238564316,0.06380204162332517,0.061910450440147397,0.05449629022211142,0.05765844733403183,0.06915447734208661,0.060531559234564325,0.07923107905626578,0.09059480757665539,0.08234531552973334,0.10291470934789515,0.12679580533320228,0.12753949985570598,0.13247790122598074,0.14915063188353594,0.165039754360966,0.17235982855705173,0.14212138469447902,0.14620415146583446,0.14863939776239035,0.1396101376960624,0.1419993607596086,0.13345202986209842
row_11,0.0981829292122963,0.09117728763396515,0.08582253599773804,0.09755066912530447,0.08332581785920011,0.08509031367795494,0.0638528398215506,0.04968918915126068,0.06502239282361824,0.06000884651419815,0.045971047106770864,0.07415795599500402,0.10019023042624406,0.10109475997876652,0.09661598625352237,0.1023154825563301,0.08046625840085353,0.10017855729778086,0.07946747897615382,0.09027537078478906,0.07480568990966195,0.08705167636510461,0.06388009816672077,0.05699664197019838,0.048334531486841414,0.035593273111102,0.020693949308537914,0.0398040778325373,0.011231287250162696,0.022402662544299345,0.02697927338719677,0.03221513850464855,0.03348603841413629,0.004915271901939454,0.01578478450491149,0.006790485507699935,-0.00015696025027592828,0.033342400193374686,0.029884002103103696,0.03938065386176273,0.04453262001288162,0.04405250824116479,0.04609695047183518,0.05463864150192043,0.07916216910976309,0.05104148418480035,0.0694054518493,0.08937049487895257,0.07666850280157661,0.06339568036980067,0.06427110886815492,0.0671277704667046,0.061316080675432906,0.07748841198409477,0.06306090595043692,0.05161566042269986,0.06580965173629533,0.07247629862480534,0.06329323310940745,0.0529820327870013,0.05579496153514287,0.08324214105120693,0.09031443561749988,0.09339939124056978,0.09606399802721255,0.1177034160266105,0.1246539735124956,0.1384780040191843,0.15135740443252216,0.15415033073787726,0.15167773692088415,0.16002319347465205,0.15273846989246992,0.14836013200036627,0.14765997348439672,0.15290146168659322,0.13057390065289803,0.14040272700831374
row_12,0.09187274440214305,0.08416875507992433,0.09147545617361179,0.10295712592707451,0.0908420835649517,0.08414329277811797,0.07711630457438319,0.07145913599317655,0.04452862285447247,0.07032482467061388,0.04932386094592787,0.07851181609052531,0.08467312363261045,0.10102404976852175,0.11417972063397289,0.09443031457113081,0.0818965230406313,0.09135675150817893,0.08551039366061175,0.082492591793287,0.08017703744663843,0.07367271378038567,0.09682413343920837,0.06872481772100568,0.051551717890097146,0.05372178361850831,0.02281454491322122,0.023247472759157804,0.02685128880788628,0.011826421998060704,0.033841293738958396,0.025254529944271853,0.034673968627088825,0.019447393005977646,0.024149929001106428,0.004035997133987236,0.00838161146062363,0.020439601758420654,0.031809649774797555,0.026888289593070932,0.04311590712975065,0.053516032573446226,0.043207655837060294,0.055794537241495246,0.06249560419048811,0.0675372495303366,0.05454227261190827,0.08659157937154285,0.09163774598815107,0.05983903819838408,0.05901743883536016,0.06975257001206445,0.06881568605275015,0.07476977576449038,0.07345024019064067,0.05847374833855114,0.05438454948057877,0.07584166768286968,0.08009864884323745,0.05869839063712312,0.041252355101534195,0.07745320699965173,0.09381113572133032,0.09286611458222938,0.10617983106365693,0.11068285167358446,0.11661175206613808,0.1353866534057872,0.1561734357108958,0.15677011907326396,0.14228911004911837,0.14174638470965728,0.168659739019912,0.15499239175886514,0.14729002084967185,0.16023989829067536,0.14247656482103463,0.1372003747811782
row_13,0.07887296668301334,0.08458675900950777,0.10683895440968771,0.09624456495923046,0.09101874512799896,0.07678115763285555,0.08314489155608587,0.06513064321879301,0.050645763476658875,0.05944726120804835,0.0794243527303686,0.08813285541029041,0.08615164905033364,0.1130967581471585,0.11109764887183711,0.07546037227164959,0.09231166191278176,0.07766747131370759,0.08752570301171242,0.07334397513465546,0.07841998727571406,0.08344285100739457,0.09922073482519117,0.0627415291237736,0.056339853361022554,0.040427114861532484,0.02506276827123744,0.01216624160837669,0.02661851955780825,0.022933796268923994,0.03169535850775057,0.027957560044381,0.021328017898457466,0.03672983245249344,0.012554861208052335,0.005661119975125886,0.02729322029992126,0.019816003118193936,0.02875662267273703,0.031193148905992066,0.05159989303228456,0.05207670683225657,0.05265592427006077,0.06295564315963559,0.05238995300530587,0.07002022301345869,0.0712564374116469,0.08881786553953604,0.07496616418802927,0.055800941143390854,0.06455956165647987,0.07099802245382066,0.08058037016672658,0.07128761102728326,0.06832226305584302,0.06075099076348475,0.06428648944993769,0.08284719984168062,0.07426786744716944,0.047182452888435394,0.06297114759300092,0.08782970581875651,0.09594855350958781,0.10480970363809229,0.11898271257915369,0.10975160330960776,0.12658459225515412,0.1518209141019681,0.1605859387437743,0.14449931072112387,0.13397379737881415,0.15132218041033202,0.16950766743501974,0.15334526295366158,0.15902091539865693,0.14953742600309786,0.14797211388643505,0.13635920510048816
row_14,0.08719672357434914,0.07956086245588312,0.09948629635724571,0.10054050627589466,0.09599943762481204,0.08369655507115034,0.0824412535291291,0.07643210656579695,0.06990707200563943,0.04145117067413468,0.08717916532074618,0.08867581307003101,0.08949954593877271,0.09852764896603591,0.11009962259589451,0.09240989909158542,0.08562547034615703,0.07909409387378162,0.08015555389162861,0.07880017873019414,0.07225679137623281,0.08726696515350577,0.08677503993631513,0.09185418510116129,0.0666491323606343,0.04384141909596715,0.041664263996625664,0.014519493977261204,0.012708543785331428,0.03637865857634477,0.021645159678159713,0.03384205534585127,0.015634642875592904,0.03764301531648245,0.02503692247324021,0.013627944908158078,0.023791440682242537,0.02630366405167476,0.01772182917739261,0.032741486705746545,0.03990372684022255,0.05041672402222073,0.06041895916426069,0.05949657608530001,0.053387954250420845,0.055681221310531506,0.0850410741629937,0.07472616042611169,0.07320982069283095,0.07024294590463022,0.06120511962331762,0.06618346648813923,0.08205188112598319,0.07732673025110987,0.06619742997662253,0.07001591245742028,0.06976216581762888,0.071414067250064,0.07726641234560389,0.06241091689504079,0.06715243136631599,0.07389958617344494,0.09018783690150019,0.10723172145300638,0.11739829434228649,0.11791050792669208,0.11928272445232954,0.1433256794199234,0.15605326878517145,0.14894387311162324,0.13658435466235214,0.14330916158421847,0.15327905018599428,0.16702348434994346,0.16396897387315318,0.1494801646487084,0.1548489182073523,0.14665107431241198
row_15,0.08778167398552614,0.09398364037570581,0.09407480672665643,0.10043071716779733,0.08906354454253981,0.08857026237748596,0.076190471449187,0.08019763300028059,0.060446132412119616,0.06833048791270466,0.09572474476679665,0.09028225069620978,0.10110221364122463,0.09654540708593755,0.09262743287107125,0.10107532456685146,0.07368622238721276,0.08188341508720762,0.07212770255628309,0.07783845016039678,0.08138374663390165,0.09015170204312865,0.08095473554557539,0.09432339078189615,0.05429731272030899,0.045049639473626536,0.03050439720634568,0.01493240285514083,0.022691188746617935,0.03450960523168095,0.024302004568862032,0.022119357416411915,0.0314548861121396,0.026526976244418094,0.02556463069471071,0.030282589733558414,0.02311084671668797,0.024030092942240913,0.02212958419292186,0.04094750184343098,0.0393818396544917,0.058506857907123476,0.06664835551256289,0.050755945302458465,0.05649665673511483,0.07076119573472633,0.08754524243790726,0.06066181090360896,0.06881073184077245,0.07471001702940365,0.062987680539108,0.07723297937611606,0.07904681799382174,0.07240012225137257,0.06832559742016354,0.07843026129977715,0.07674975279013677,0.06711776754673787,0.06582672479749851,0.08078392503161641,0.07722523007049374,0.0769261230259755,0.101189731624474,0.11929965100497605,0.11664021267507638,0.12700500063016953,0.13585993204828084,0.1479444278997366,0.14549378620841324,0.14178035546939446,0.14560239675702596,0.14545811558940414,0.15259746574380492,0.176634279330429,0.1556142880357869,0.15484145350545564,0.15351807936103049,0.15471174243363323
row_16,0.08370777442386956,0.1010734913437495,0.0889945342584968,0.09385186143334495,0.09355486071370064,0.09326179984132872,0.08218459991676136,0.07964619074633983,0.07060497417114402,0.0848935682175565,0.0772708174199357,0.09643070205501282,0.10112700456480732,0.09912010132466743,0.08023623455257257,0.10098817037379747,0.08875665578566261,0.07653639473588982,0.0738485425374075,0.0713492864019927,0.08592214683071273,0.08433148952523396,0.08418372568994352,0.08358022802331143,0.08092067971693823,0.05495646122388714,0.034261875232555306,0.03019005303781131,0.024260653821096545,0.021486780143502904,0.03634723128230607,0.013496580626498746,0.036838675083791364,0.021160447174317868,0.026870561618503493,0.04081080798853772,0.02922386682883379,0.020985773967337366,0.027880501323181373,0.030316365590049084,0.040409023075328815,0.04771350329924626,0.06439196427353751,0.05797450785090619,0.053733975824077754,0.07063585441010367,0.0738198629192367,0.07366309004667475,0.05697347798400797,0.07295197200807779,0.07582325273668895,0.07338599968840011,0.07448531878651443,0.07419985306393231,0.07393264491797796,0.0762686132798593,0.08463429877678791,0.07207571060356723,0.05671057518287639,0.08342179298398678,0.08928380640291844,0.0798397095596276,0.08782497139451545,0.11263641446025172,0.11870633460687648,0.12530809893308117,0.1419142763312163,0.1406660808971021,0.13743026635900243,0.13860004970508122,0.1500818167992212,0.1472921967670695,0.14547123583100377,0.16190542437654346,0.16772974696889428,0.1608835764708762,0.15324809466164324,0.1606608606157675
row_17,0.09674437195706488,0.09627150678589266,0.08899803990848265,0.08781304209499396,0.09735227799627419,0.08708934532908769,0.08538021017567335,0.070782032025498,0.09330396724253856,0.09275953680233506,0.07907222859791163,0.10623698195829748,0.09934398322877863,0.08372467420798885,0.08887171615230133,0.0889929064111609,0.0906442110309526,0.06937196839788892,0.07329671733567905,0.07960707230659542,0.0884749211064485,0.07898085965127004,0.08647817956476705,0.07132724683714124,0.08064638758521142,0.04410212430621972,0.03378966118336768,0.03859421493159314,0.023061413473517454,0.02398821858611857,0.02563441911983506,0.027838623241563693,0.026890487165607317,0.02173732851475816,0.04125992438151166,0.039261467135322636,0.02693120246816577,0.024838934909932813,0.03550029267292963,0.030286413528154914,0.04830441384222188,0.05389875982198685,0.05616018848768761,0.06077781831885708,0.06742780942686931,0.07346468257192904,0.061116741414157294,0.06959466029890661,0.06139831910831092,0.07424375002245953,0.08522937132972364,0.07113703932871562,0.07012164147403636,0.07550677025061246,0.08118024442188182,0.08235511513535342,0.07968895705595415,0.06188402864077256,0.07381218437160658,0.09160378343256546,0.09115007373651038,0.09037394763213785,0.09972331991865947,0.11257847558212034,0.12721184777139924,0.1397804752392208,0.14631652521287575,0.1315223501036137,0.13122595504796192,0.14673670404146574,0.15145158991798124,0.1472062500327003,0.15492170982256595,0.1540843658986418,0.17237683178525065,0.15939930437744596,0.1602367279775948,0.1500071780656393
row_18,0.09609601754920458,0.09232593839119332,0.09617412157577014,0.08354237139181153,0.09191868726211277,0.09134948774806316,0.09013218669264383,0.07675303270255861,0.09247255381734609,0.10053912611030427,0.09406578044728879,0.08959673588411135,0.10443944007352415,0.084633825468712,0.09190833653023134,0.07823400267452371,0.09104580377976206,0.08324359579938823,0.06906033427415977,0.08104777617744757,0.08248683795240683,0.08351672734068374,0.08157850887963633,0.07484689864904878,0.0714795850725962,0.06880049930568027,0.04338184458503378,0.04161896203978052,0.036771864929182434,0.025383862044062497,0.014116619485775736,0.038824723125899525,0.018789523080335237,0.02719569876815528,0.03578736094648022,0.03972636400405612,0.03658042298064319,0.030346733380388895,0.03225407382919284,0.03532334989073853,0.03832003644440414,0.05419884684791319,0.04655961004742854,0.05906165971142766,0.07353480689784112,0.07044535525257843,0.061563242992430274,0.05787025440513716,0.07344953290096631,0.06299087058751829,0.0833128788012905,0.0825575488444521,0.06711656626214603,0.07146079703020522,0.08247125480142646,0.08674219339649905,0.07777834846056737,0.06948146311089119,0.07813028326030998,0.08232341770968901,0.09347227600430519,0.10112691691826575,0.10163698657044926,0.10030747711097393,0.1206877989114036,0.1413491774618142,0.14422652243577236,0.137532332344664,0.1260953499526612,0.1393790037015675,0.1484595369502795,0.15160245025244018,0.15622413950980793,0.1477091192464065,0.15881353159085637,0.17054259206387234,0.16637066468668232,0.15036580925796225
row_19,0.09173963952149919,0.09230435201701304,0.09068316437011142,0.08768804769773274,0.08635736191140551,0.09411547645461184,0.08153097871262285,0.09713939246895081,0.09935249436510514,0.10134992622800457,0.10337157075900964,0.08859186862957036,0.09016755049623941,0.09246254208779334,0.08155978384383952,0.08047943938456067,0.08391321109435396,0.08246960583037305,0.07652628320596717,0.08380406146693176,0.0779106997530598,0.08571488175575624,0.07046926303022177,0.07470641592258512,0.06060907349603799,0.06705062104263937,0.050453810802628764,0.03971766584769686,0.03843801298360414,0.015904734010636967,0.02725395471025052,0.029745477536657152,0.019373888145457492,0.040389522053351355,0.03462181831322858,0.03703670721139017,0.039426392348024614,0.03712494897511547,0.032172459140721074,0.04292842054115524,0.04419996628043326,0.04707828784235088,0.049526171263092535,0.07133454331647156,0.0760173167281685,0.059125699915815955,0.05840995236390027,0.06196972509021839,0.07468199258939476,0.07207169069359702,0.08081088385403586,0.07829494095982194,0.0684561578521636,0.07830297335182618,0.08779895974359779,0.08195369364498718,0.06805997391774556,0.08480964594867216,0.08584949047387541,0.08458678849322837,0.10300658650666049,0.11122672487565538,0.10201178183711651,0.10844592434876119,0.13423363786459294,0.14556933006649306,0.13562319323907124,0.13188703866437787,0.1342532519222469,0.1411533532521017,0.14856340677842506,0.15998363299877189,0.14903419795354253,0.1525063645357637,0.15739161168697147,0.17618998834970656,0.15657538549980307,0.15368387904157488
row_20,0.07987283207450509,0.09183638193155436,0.08713869327306939,0.0943616326537191,0.0826754316700195,0.08920596499184268,0.08580071000030282,0.1008021136948583,0.10358114154124923,0.10021495202872797,0.10981173007260858,0.10196052738000973,0.07558296939452507,0.09733489481099054,0.08266487479114322,0.08357088733348655,0.07413226705545081,0.08302096178417628,0.08911721871900183,0.07939006690533162,0.07908792857499361,0.08030165272482985,0.0749295432273743,0.07063604508437893,0.06428797399252101,0.0592562175520025,0.07312845351870005,0.0482418607182993,0.041278897737432776,0.028847025256011315,0.0284212541183225,0.018975603740790593,0.02984763267370799,0.03224929662220493,0.039053164317079,0.03231212700122135,0.03969483173760621,0.045574196159997034,0.03695573585966902,0.03958242673380777,0.04851382885828466,0.03787746038795983,0.0499107636597559,0.06169183663834594,0.07382653576656374,0.06499253482287098,0.05619545880337671,0.06232462252966153,0.06353248481468309,0.08304425612330825,0.07010528299800735,0.07679192706689598,0.079107131449452,0.07520525726933897,0.08360712454429425,0.08318272073503637,0.07247723735348616,0.08284721762623229,0.09218686975657571,0.08798511819162219,0.09386512817238246,0.11284049755540008,0.111387072310581,0.10968680392908117,0.12236542780748277,0.13849135594835024,0.13726383023682537,0.13035850066254318,0.13952541545716732,0.13612265519013306,0.1417317261638727,0.1568649175562103,0.15301751031464378,0.1537044771387845,0.1515676128360866,0.16341231798311762,0.16646725843511959,0.1594559136571171
row_21,0.08049568719088301,0.0868701864785123,0.09091970568221805,0.0893171838833568,0.08557222697359795,0.08153576478883237,0.10432010029115797,0.10674280309050212,0.10435168514199532,0.10838780646972826,0.10824769740251428,0.08918528115942165,0.08307021173371876,0.08797130121482125,0.08462704509909655,0.07744358034139376,0.07366214509058566,0.08943435768358873,0.09146909924072134,0.07505226049299749,0.08151057471138831,0.07020689522923028,0.07493393784103435,0.06082956638209096,0.06285867908533205,0.06536546994583864,0.07010606779816587,0.049474652980586446,0.03201112095635621,0.040486859778489204,0.020444236141898844,0.01950219708929463,0.04174688257558868,0.03135334422914032,0.0366953109080185,0.03513973982795363,0.04556963484454127,0.045118142480819474,0.04389510942587842,0.045101698385275266,0.04215303220616688,0.04082412026702062,0.06168554723489983,0.06463907436516822,0.06330346264257128,0.061959444558111434,0.060150871729910425,0.06383193944837012,0.07220239344101081,0.08078235360904627,0.066747867386795,0.07772049729360533,0.08519650402261617,0.08043203336147758,0.07944856238664211,0.07407011175852635,0.08647898565734255,0.0902144973504608,0.09390059120970953,0.09678223754835541,0.10386397877637221,0.11311169991894146,0.11873162883395347,0.12298658894201338,0.12707430775448686,0.13090788566790879,0.13237287768776085,0.13786723473959342,0.14134071588472552,0.13715624067740692,0.1501869742260285,0.15042641852520852,0.15763169059270163,0.15286467201940407,0.15750165535521682,0.15472614987342775,0.168983435107151,0.1642879800553258
row_22,0.07967288448145946,0.07598584134024396,0.0903987614030872,0.08619225153366539,0.09185416023018765,0.07831143465054366,0.09936283574050665,0.10998192079615218,0.10736122087261256,0.11205014352086612,0.1069321931482306,0.09576157293725293,0.09555270123912889,0.07439276477036677,0.08958498488639025,0.078708884085858,0.07683347818158176,0.08003779642279675,0.09178937736774342,0.08669958655911326,0.07745812427088769,0.07159050610602032,0.07033422638884541,0.06530101746810427,0.059439781223082425,0.0686516277786106,0.06265520684728959,0.07044994966523963,0.04016385657953189,0.04305802900702078,0.03226491516639332,0.02086281463093464,0.03143398130838247,0.040498677304944726,0.029331812293425588,0.039219271855940756,0.04102173210331997,0.045079417817332615,0.05153678985231448,0.04902758395208434,0.03907486742047657,0.04483015482485721,0.05228880943151892,0.0644825615688893,0.054708558540221934,0.06033216453591629,0.0655223632613493,0.061619372175462664,0.07214106445853152,0.07024724831801163,0.07691043908122312,0.06795268329861312,0.08355272665737593,0.0898500505419434,0.07658708148887759,0.07079748782313666,0.08745855272398016,0.09321820733975018,0.09194505975364889,0.10230472259288673,0.10614981296917551,0.10431577343303716,0.1200746893283453,0.13113995295371886,0.1273375907042474,0.11999920721267752,0.1262350472155529,0.13936265964503752,0.1392969311683374,0.14199958935558643,0.14539672727480746,0.1441974491059092,0.15475239408938835,0.15641504161844322,0.15831610075540503,0.14915346271792523,0.15759938527864947,0.17314858916348463
row_23,0.07532011374043444,0.07972655237643658,0.08597533720934292,0.08877610679172655,0.08462971646912437,0.09577721543364455,0.10487050961579526,0.11045080475930483,0.11472591179668035,0.1105620149142782,0.09511937989137395,0.10161264409918774,0.08680198690778192,0.07655845160774533,0.0838965809751897,0.0780335522564826,0.08302915282699123,0.0825989654232546,0.08719574691634474,0.08870512863410818,0.06820798040856135,0.07175369067223664,0.061239450260609195,0.06389167950980887,0.06520385107250501,0.06603845752589352,0.06316445571279804,0.060742844217873265,0.05052437181396397,0.03508094856098701,0.032256167639636874,0.03225854212397971,0.030658059567958276,0.038137435248112306,0.03204898087885654,0.04476390283825367,0.04073028123040973,0.0511804488832321,0.05633707426881203,0.043128094808804654,0.041794146002158306,0.055774601837677254,0.05548156811933869,0.05490999111910165,0.05225399966195594,0.06382092258694974,0.06667940149140708,0.06980688010872879,0.07029975728915566,0.06683864341939634,0.07775401316738112,0.0740035369694187,0.08819056843414216,0.08578348319929886,0.06833762238177953,0.08379091234601244,0.09399784649804628,0.09478305355526224,0.10017183515642608,0.11109475912332789,0.10654514211923469,0.11122087332623881,0.13221127232423457,0.13477171405599653,0.12073368041129265,0.11602982700995595,0.13323541770609637,0.1406914186082351,0.1400731327246924,0.14996558146878636,0.13993813381886047,0.14858828525872342,0.15390295157120754,0.16157890877294148,0.1504909885387794,0.152040906157152,0.16212820472108835,0.17457245114431374
row_24,0.06521985738781799,0.07894605575637927,0.07596894593426531,0.08839656497453965,0.08188267307069191,0.10133141458723352,0.10123148377005178,0.10540161923845165,0.11749046970166813,0.11329154516636447,0.09930115303774649,0.10080019483244355,0.09301101651156367,0.08853904087011448,0.07149582851177239,0.083072895693667,0.08404115522970029,0.08534291563226962,0.07844857966835395,0.08915216827046597,0.07918910326367151,0.06842329799453073,0.06288628736657684,0.05997559522763189,0.06931194941554548,0.06280955687062292,0.06640713776064737,0.05413443891834763,0.07024377820755201,0.0425608726637138,0.03499742878522781,0.04284126467217986,0.03149354582916998,0.028824448539992487,0.040407198971330854,0.03765231888896747,0.04441412966046844,0.04685765561631276,0.05577879077609763,0.05034511831448915,0.045607754078069454,0.052413638766854634,0.0586719107788474,0.04659522364950228,0.05257134381500982,0.055959071038707106,0.06505336547934269,0.07455627641051513,0.06803396030976179,0.06711268496732198,0.06807459029707674,0.08345375521883983,0.0787209758270568,0.08436181073112689,0.07753827810192469,0.08093248624551982,0.09030581952323577,0.09541384119075885,0.10252863018386443,0.10888114155293681,0.11133657852541862,0.11319144782459115,0.12325465483924358,0.13589213418901686,0.12830378227219574,0.11689427594822202,0.12323670978039367,0.13481765029383863,0.14142904914519505,0.14776512182169382,0.1447227113742358,0.14446560155835647,0.14807467559501422,0.15906639263801448,0.15405447631869001,0.15319800482037244,0.15663002920249852,0.16380836799123244
row_25,0.06910262578838282,0.07534621626221005,0.07864981742966214,0.08174133254244664,0.0980360056746889,0.10639285632250989,0.10200166824426596,0.1123652943077867,0.11583945046978021,0.10239852205321565,0.10457579896207199,0.09253315041424343,0.0944639811605091,0.08327042566969635,0.0710066064698292,0.08866648000965738,0.08627855112627238,0.08120699561853986,0.08067858727163742,0.07994419356633768,0.07914722441773939,0.060002444039298025,0.06160852329640672,0.06524457995904574,0.06689378627980051,0.06318921434697093,0.05758251893924356,0.06351635832001916,0.06173358661382916,0.042261151159760674,0.045064531884254175,0.04168957131232136,0.029710387502886258,0.03135870227133057,0.04548690915993568,0.03750548006233416,0.0502378249777313,0.05141613768325001,0.0500691359497675,0.052606669260143346,0.05574097939771015,0.0553490909349165,0.04993777171784746,0.04466780896790062,0.056095593651392606,0.057294759382627236,0.07268269329315605,0.0726050318535274,0.06493831471434242,0.068356860077662,0.07394089512003751,0.08786488389250227,0.07540892320124859,0.07645655064757467,0.08942274116824439,0.08720708200823629,0.09178342087315958,0.10281337733076282,0.1107690945049751,0.10913256710987757,0.11772678113446967,0.12484888103829461,0.1272480876993942,0.12962646760718144,0.12438832161172281,0.12369580078344145,0.12507918609035473,0.1357877563866485,0.14865768685973232,0.14286187779877071,0.14892063668755526,0.14426332694649327,0.1534868945034641,0.15185061906931702,0.1565199456659344,0.15769261937588097,0.1583407556317646,0.1579745817907648
row_26,0.07420837703365112,0.06600989091013784,0.07791363626376585,0.07254603894378747,0.09738082092325927,0.10297072596765973,0.10710271747564516,0.10880683856276697,0.11100138892793668,0.10534668259881236,0.10722329813557613,0.09652092690807079,0.09406178494515544,0.0891484575274466,0.08251338296467763,0.07675968609207173,0.09066273439347029,0.08235781946812168,0.08346752215013488,0.07205947987973196,0.07997344894463626,0.070619455724751,0.05882518116222936,0.06676654618311043,0.06303286705121457,0.06703110637163233,0.05478796480035787,0.0665194586645805,0.05552567878518963,0.06095054054545812,0.05164388929186114,0.043893446345937816,0.03956806511006931,0.032124743212511596,0.0366626235713326,0.04513291850707488,0.04332298196556841,0.05457845073856847,0.04596083957422066,0.05224290206593184,0.06232174940824816,0.05843255242927123,0.047010028024249154,0.04795693433668315,0.04828482209368927,0.057402294953493735,0.06498836413053122,0.07083282211682188,0.06949141593613543,0.06619849668313127,0.07394719422041017,0.07849679727880832,0.08432407528465961,0.06807760316160977,0.08810545189659685,0.09526141437049632,0.08884074635772524,0.09901256921790577,0.11073442716096356,0.11088223165167696,0.11545462033221818,0.12886130404826215,0.12859391888494617,0.12148684258903804,0.12563544204682092,0.13074012753523886,0.12561653405118084,0.12644456627434397,0.1428992087520334,0.14391513854279656,0.1468046654411796,0.14854139514033907,0.14971455983109871,0.14674002214616036,0.15437530508966613,0.16093048434704316,0.15943769930258,0.15304533820864558
row_27,0.07109762224613078,0.06873445633110771,0.07210846633906144,0.08798772031967446,0.1021213070403886,0.10385447258033917,0.11359012091406254,0.10750447729028824,0.10112913751757074,0.10991532848733096,0.09952771712676402,0.097964486644969,0.08901880543926133,0.08823937353321178,0.0877955870823816,0.0791120983084796,0.0867876418333632,0.084600816341485,0.07493501984605255,0.07227044374658495,0.0716563507052875,0.0691345283967415,0.06397429681782471,0.06458477541515387,0.06336393339640128,0.05892909643730171,0.06347820138354558,0.058753611921560124,0.054972573936937566,0.06943272310800813,0.05031498088339097,0.041827738605658096,0.04152867538727696,0.03728015151920167,0.03658360970435845,0.05055887120569202,0.04764419110728704,0.049180692280580376,0.04819992133711797,0.061580809745791575,0.0646954257102951,0.050303755204186784,0.04521235271343996,0.05142628480873956,0.04977697415751241,0.06490518574725238,0.06351402817905424,0.06799801347269038,0.07056049319958232,0.07185493676915937,0.07834968552683966,0.07557087620450305,0.07690145285271877,0.07963290649418009,0.09398940700330204,0.0965679848063274,0.09589554934295275,0.10697860756926457,0.1108427650557613,0.1170006361658221,0.12652599992388958,0.13244051439550286,0.12313643487079631,0.11798016083741211,0.13192642960632617,0.1326022841947993,0.12703061494341458,0.13379783510205262,0.1387500972467431,0.1476949240973603,0.1466294483301133,0.15377508404645818,0.1433959371685491,0.14944419659147978,0.15883307080450415,0.16242274882011587,0.15425339896716078,0.15326140295962482
row_28,0.07564065773904509,0.07352187843367086,0.06336056515661746,0.08705844536123819,0.0927270939772984,0.10296984088660631,0.11024765260396234,0.11226385947869563,0.09797331568656847,0.10578970692238518,0.10223012288066388,0.10078583282687566,0.09302862737928004,0.08812836003117794,0.09311674454109246,0.08972723004262168,0.07567051941035888,0.08876634334388245,0.07620869868300463,0.07500325621690362,0.06450864665445866,0.07009123691533602,0.07387207827571438,0.06191314004951676,0.06490097135876621,0.055488926952855275,0.06712888821874578,0.05604050464434426,0.05805541770764225,0.06337310588305074,0.06751353714056939,0.04810623871607584,0.0436577809649044,0.04619666600092444,0.0371428715153275,0.042130006771922426,0.0544907411433688,0.042636924765300205,0.05126573693960425,0.05728281061192732,0.06387309393822664,0.05652292463520912,0.048443223209529804,0.048616761409419645,0.05274835309813551,0.05719795052583937,0.06344362383259966,0.0608686285655908,0.0690267901254935,0.0759535552483302,0.07608450549541824,0.07555082663061188,0.0685999159679223,0.08788714080319385,0.08550533801275947,0.09531105675503075,0.10325261348233294,0.10375510061069151,0.10717195721571687,0.1167151229124666,0.1275939591394139,0.13010236221899463,0.12684561880612297,0.11968906037726652,0.1242414330772842,0.1335160060067469,0.13359939164504162,0.13405876191702504,0.12978632626449937,0.14261919874051396,0.14730514380234339,0.15178160423461495,0.14753613277676997,0.14596440485894524,0.1539667625553155,0.1603488352740519,0.1572187599814972,0.1544110688101094
row_29,0.07789259699821266,0.06815341019808224,0.07813427308366713,0.0917690816950163,0.09373677834222263,0.10928941212167448,0.1090439663213026,0.10298819861314099,0.10264830034993055,0.09850653477850886,0.10346994914026453,0.0959698428569214,0.09199470248099338,0.09302015453936145,0.09491183144613971,0.08611939104399591,0.07792304769648278,0.08060905031880898,0.0762771238428207,0.06737693733099392,0.06324907299176666,0.07467973914829953,0.07162674820587836,0.062314595633314804,0.05718961740527649,0.06356204015290381,0.05987341300006597,0.05547314647942705,0.0661029270133096,0.061688198384289544,0.06481289474222719,0.04969553676270398,0.04816482871742983,0.04590364072583479,0.042494791517138225,0.04619210371151558,0.04942160709953417,0.04478943841096451,0.060073277933058736,0.05969632439232862,0.055970599218234524,0.05453198638085589,0.0517175213267819,0.04999494586420346,0.05997237005101842,0.05603731294715466,0.060874591373548295,0.06210702403321822,0.07424594510240262,0.07993113465351429,0.0735097960736204,0.06889334949555033,0.0795556474410479,0.09344481520432625,0.08720667798101653,0.10190818133646157,0.11069612278661131,0.10402971151008994,0.11288956537047407,0.12686224910908167,0.13117507200655806,0.12477429004297041,0.1234846909251768,0.12576851112402282,0.12605342803937175,0.13456828737090537,0.14019454237488305,0.13032269134256985,0.13389080166478387,0.14250510027554636,0.15237369590684374,0.14576767407749697,0.14986662761131853,0.15055734968987983,0.1555545402516906,0.1553615847123547,0.1572221782478712,0.14831654618679316
row_30,0.07825632375779915,0.0725824560450683,0.08247353318742195,0.08299105627635413,0.09281712306468723,0.10017757220034991,0.10814624747822106,0.10016744519795037,0.10736927701029811,0.09566241550536618,0.09983078514892252,0.0987894748885561,0.09491423966763053,0.09672949810502232,0.09487456303409167,0.09134388384610274,0.08804954019866526,0.07038528565028361,0.08057013907181654,0.06881106536525892,0.06609350258026943,0.06786723893271696,0.07251665258870812,0.07178351256867807,0.05495877643971822,0.0650765881483833,0.05663226669177065,0.05925001278451293,0.06348002621127505,0.06442030377805757,0.059322447014274374,0.06582293429601631,0.05387015677338137,0.04786861308122213,0.05086889319787001,0.04645484928824792,0.041481751210968254,0.051384878779476936,0.05343344689375071,0.0623243012075214,0.052166106575439325,0.054083763622891835,0.057609221608289546,0.05299932210996301,0.05706650937321011,0.05878212735145174,0.053800735283172724,0.062105938912509186,0.06732630166128403,0.07820165569495639,0.07729011582489,0.06708361625621662,0.07953674915676576,0.08529896885262839,0.09487467851118186,0.093779511017279,0.10930379890160719,0.11086034279618322,0.10972679420409101,0.12291203425908104,0.1303245759441661,0.12606403562059787,0.12160268052162744,0.12926195984078753,0.12767358877413462,0.12749747642208648,0.14111400427646995,0.1365339832476537,0.13428470055261946,0.13415237178345585,0.1476742313753671,0.1465524453357507,0.148151853022688,0.15430906877015527,0.15220756303703192,0.151011359342607,0.15554668447371678,0.15127963332230682
row_31,0.07294189983470979,0.08630627846827499,0.08703481664400986,0.08416012993335016,0.09915058994346657,0.09926228526104208,0.09948174783978768,0.10453989169447274,0.10034674088871093,0.0969974678168507,0.09544137038385599,0.09763848339625023,0.09937491034472193,0.0984246862287171,0.09137913715397143,0.09306833543121765,0.08036339468494397,0.07056166130833896,0.07316564563962999,0.06746143836824287,0.0704748284314352,0.06599120968986033,0.07266965847745377,0.06434351344875669,0.06263612592155093,0.05818259046270643,0.05609063793402869,0.06683906999339267,0.06186151645413297,0.061946572097635474,0.06050808835388738,0.06936075491155569,0.05347263201388065,0.052635443914747185,0.05448834641083761,0.04187481260130908,0.04352750930225434,0.05956108192316066,0.05584050780466577,0.054829524426190365,0.05039494407471429,0.05707515083926969,0.05865245079204782,0.059793281114958394,0.05594741044284189,0.05645106280351396,0.05515538847219709,0.06722866234637544,0.07126004792528132,0.07567136789006515,0.07095501768501969,0.07748449261417775,0.08518295865224457,0.08695359020700899,0.10112252307960182,0.10110847780240581,0.10949776097985267,0.11619825814104107,0.11958140754979264,0.12633552348820298,0.12539026316603266,0.1229977297925427,0.12714422612182763,0.13093401877422395,0.12903022204319287,0.1340210044246236,0.13742233098979356,0.14023434784662958,0.13444107562152213,0.1394470736853415,0.1421641068302188,0.14874729751481547,0.15251051427064288,0.15568610623343426,0.14768613141757309,0.15129158748541285,0.1497387541839355,0.1523124859517167
row_32,0.07309183118587491,0.08640920378289665,0.09065320298142575,0.08813127403106905,0.09055810600499814,0.09826298373520166,0.09104656661351068,0.1038332542179918,0.09778547744094543,0.10159650467280885,0.0927933613458167,0.0944451795348471,0.10200819549330098,0.10098735505444294,0.09498093652973363,0.09320935696724511,0.08553991375960623,0.08042790071519085,0.06372585647989379,0.07177808358007952,0.07178623536214326,0.0685621804608504,0.0663588819857917,0.06541849300924005,0.07162283256381148,0.05606674528114555,0.05762983576160867,0.06362595184850675,0.06522103314841364,0.05957409966890658,0.06304037643973645,0.06413722175654532,0.06860076665685136,0.05797186625001738,0.05617396323498229,0.049764464899576644,0.04385514084071618,0.051769767730404884,0.06169705661638056,0.04879016153060653,0.05308768206028768,0.05337384126122083,0.05817828275595749,0.06514876247509682,0.05857738348529975,0.05379510338081839,0.05772850410957239,0.06030250516034852,0.07106775953042918,0.06902812247954472,0.06960989227865848,0.08109873013827032,0.08304048554783305,0.08686290683748925,0.09326675935437954,0.10808362774677237,0.10152189575057126,0.11481631445253178,0.12560896556486867,0.12305817300538044,0.12167619028629365,0.12240220795045019,0.12853207142899417,0.12889142472268844,0.1322026224182744,0.1355010569767525,0.13054772234020873,0.14109638009513123,0.14021761356615742,0.13961243030404483,0.13437906276329686,0.14457319614978859,0.15299608755845348,0.15404369006619245,0.1514845460320873,0.1481942182681826,0.1458014910052171,0.1509761270731435
row_33,0.08626786052989406,0.09061717058070641,0.0916395053756561,0.09431494876186629,0.08995075677165829,0.09025707051023804,0.09560158698495519,0.09728645954633186,0.09915807883069999,0.09744649243677903,0.09186504948385228,0.09877979441592458,0.10356867820769364,0.09759882959305292,0.09672205281739177,0.08584100715494158,0.08547911415722648,0.0734763327353434,0.06262336921099416,0.07590122921871965,0.06991473912936527,0.06887928695735608,0.05950694103674266,0.07256187644929292,0.06499669427166421,0.05560570230016268,0.06499744804710304,0.062133794530747924,0.06294725334706192,0.060724165737842485,0.06651583387993606,0.06353526300847237,0.07264607412241578,0.06128836432052108,0.05154160509929161,0.05156041456707379,0.051836758772271244,0.0541647188860951,0.05472285715389448,0.047311167249664714,0.05600874281632726,0.0545537696993148,0.06447733003467251,0.063854746291935,0.05642528650140894,0.05515877844191801,0.06272459205665631,0.06416437580907525,0.06891063634037646,0.06337372652546443,0.07952406401858322,0.08643247731985715,0.08474426585281519,0.09307182125852817,0.10039769696715964,0.1083668250000524,0.10696651466052526,0.12418646028927523,0.12882753047247858,0.11860969219797599,0.11895352194258307,0.12787552070345992,0.13024959830626975,0.13023922587836542,0.13849029792134182,0.13216342985103102,0.1343364066026988,0.1411364833769882,0.14523437107160195,0.13472790251273764,0.13694201688122737,0.14871136575127902,0.1545746454860386,0.15006847298724152,0.15191114023107877,0.14298493343835886,0.1472168315833601,0.14691244982773288
row_34,0.0924728494133448,0.09030211021332073,0.09156741948103922,0.09748385323697019,0.09361881557929062,0.08223106880443656,0.0947053332414464,0.08933444474714836,0.09860796594932522,0.09512264178699723,0.09640387794682295,0.09614679137859143,0.10036100593497355,0.1001950669139864,0.09922807767413534,0.08940248756992082,0.08570175800445212,0.07857426201287435,0.072103474042192,0.06680329713139355,0.07392479535802113,0.07015664470353251,0.0620854048273973,0.06655540904113239,0.06605919511932395,0.06437603387361308,0.06279972208448877,0.06347377468150742,0.06001369460534866,0.0639056405458632,0.06414756741784183,0.06588466217138234,0.06760414306075502,0.0755316245098048,0.05661604633028857,0.053249661722908855,0.05919404932248591,0.054156580121839784,0.04745446325942454,0.053115958258797155,0.050249718172013666,0.05704472815728405,0.06077448267976271,0.06325498311906629,0.06155076923729034,0.05768956034245288,0.06004668116018297,0.06643020067137653,0.06227513991277064,0.06335876141209695,0.07315204126610902,0.08473859272137167,0.08796575180569376,0.09076889237449996,0.10000752216521096,0.10079627620964676,0.11358524003748745,0.1162924040088528,0.12735279494435725,0.12436359343201298,0.11591709376553819,0.12441559732056655,0.1295231301982646,0.13143701636318955,0.1364191125184609,0.13517498071523115,0.13582006778567235,0.13452984834767273,0.14607216415065413,0.14024094888093375,0.13713318835376717,0.14104062002075984,0.15041952813007262,0.15066793600821476,0.15049988807439293,0.14668742048533107,0.1444423057729482,0.14324772787689066
row_35,0.09622444140599805,0.0912147417886548,0.09728019186272263,0.09678292887263329,0.08601605650691936,0.08675122274624693,0.08862800264253681,0.09081271158183903,0.09471047838269409,0.09422691221402463,0.10056416466775578,0.09774205074381732,0.09710398868176603,0.10166671899817788,0.09207448676209146,0.08920485742755044,0.07898219085212252,0.07715086921907414,0.07603975409195259,0.0650887175699767,0.07405229138182379,0.0635173131296975,0.06894685235801246,0.060394748221846636,0.06546450846244256,0.07117443751970658,0.061417439962185315,0.06132712151052813,0.061058922037330626,0.06715840370252205,0.06358299093229704,0.06977250631635266,0.07051017871394576,0.07054743270507757,0.05815223837873147,0.060663110883005744,0.061232024674611196,0.04763191764536048,0.046089610223940106,0.055840633337786216,0.051371038895740205,0.06311294672051829,0.05962681373164165,0.06104557170257997,0.06269879440380172,0.06238840047209513,0.06375114660464233,0.06451901333005913,0.05708917535994214,0.07285744734627358,0.07840771640855687,0.08630908331716697,0.09382363000095406,0.09765595731335801,0.10034872689415972,0.10610683584325731,0.12250694702806839,0.11968625754896872,0.1230001723172466,0.12156390435512665,0.12130239622484928,0.1261642503732685,0.13066257919129376,0.137419574885652,0.1332075885045441,0.13876061708395868,0.13600285547490737,0.1393621940624155,0.14110319746921085,0.14247640928894237,0.14114613935355702,0.1430571123648039,0.14678149969735615,0.15110926949547437,0.14544969836119465,0.14808217846646723,0.14064198333928418,0.14226813957113416
row_36,0.08801033562553201,0.09700558328463589,0.09682306338431425,0.09666783201595543,0.08934951364832658,0.09037952836599697,0.08100929755415588,0.09008936343117602,0.08719500512913997,0.0938399289252317,0.09839721286536421,0.10203532286672545,0.09461715794998947,0.09863363929547894,0.09464577373318496,0.09188792965174727,0.0825338928899904,0.07754992872615411,0.08093751365304577,0.07421977254309849,0.06544224742214806,0.06755878355205361,0.07018010489243143,0.06284761294117244,0.05995967048900856,0.07210454850759782,0.06961583457281392,0.059413791121764564,0.06231293801254838,0.06434233715190525,0.06657093935917721,0.06748361038065055,0.07265004715503037,0.06579628813238568,0.07179835262849767,0.06528656849827404,0.06265531183889787,0.054684633981050265,0.046304769731878234,0.0489228225156757,0.05684226874871802,0.057393575331288,0.06195320602238954,0.057606834656194955,0.062151809959286736,0.06722083057182446,0.06596493623233263,0.06198685780035416,0.05939495900483818,0.06650477643524816,0.07807131983035234,0.080162521315262,0.09213826371675966,0.1004569291214663,0.09809613192461311,0.10557640110022751,0.11508829078975866,0.1256750618945906,0.11563046127625895,0.12031479355594019,0.12671116103629973,0.12313089475030682,0.12746343446444774,0.13658182024078375,0.1342742592847716,0.13679511980670628,0.13881996017300996,0.14075606167776045,0.13475247763026887,0.1433400170438301,0.14637931055942902,0.1430790121463263,0.13967746923378616,0.14731671828564197,0.14623597195201155,0.14684105162492214,0.14447238358739306,0.13980119278421155
row_37,0.08883363283907063,0.10228949385258698,0.09622587728766183,0.08934623532071777,0.09347570324806222,0.08462059126437887,0.08256031018264666,0.08652597045115396,0.08648702766633656,0.09787328765644368,0.09989692554646612,0.09884916722027544,0.09614475845921511,0.09188287179375026,0.09438622033904188,0.08524741612592326,0.08101301346765477,0.08114409994852123,0.07896675722481576,0.07434679874222415,0.05924173200750197,0.07393362847296803,0.06417610182729346,0.0623407667234848,0.06656124803473684,0.07045833255462726,0.06746360126482705,0.060415568928786946,0.0654602414155503,0.0638145983151966,0.07026230538616615,0.0702608978309848,0.06797731695551451,0.06706473754216555,0.07853466538970452,0.06707655516282784,0.05616017202218388,0.05316268463897325,0.04904989708904698,0.05002834418943842,0.0625884317870314,0.056386008325824,0.05985399731775434,0.058752143355625785,0.06653220693662318,0.07063644179222209,0.06416028131150243,0.05704092210411689,0.06853467318464743,0.07167063797400872,0.07980917572969512,0.08584851953983402,0.09863294609851314,0.10078790863818275,0.1032227367282702,0.11432931466032617,0.11838961750021298,0.12153262672597545,0.11320732317824964,0.12536770968928052,0.12826576068452678,0.12448920160620988,0.13324103889056418,0.13351709960599015,0.1377027851031673,0.13694456544335004,0.14345202903807988,0.13613395571063786,0.13700710672327754,0.14709028489231968,0.14808501554018177,0.13974003570998553,0.14032217215759585,0.1425855540337143,0.14754367523264628,0.1432575400281882,0.1435586986802137,0.13738265929997046
row_38,0.08374713510753633,0.09421067025365137,0.1015682158834703,0.08911451716080504,0.09345267504701929,0.08779975163669321,0.08606400008795478,0.07923572961935364,0.08583213842841826,0.09061196594459005,0.09934678847015624,0.09678213756754822,0.10032326177881933,0.08957791988377009,0.0916511484748736,0.08785720915549847,0.08376611824972582,0.08447065014513884,0.07923987693955395,0.07896975282211163,0.06812866601220496,0.0656239329741147,0.06800925908546786,0.06369474704398988,0.06874884701274066,0.06512106795981253,0.06831087670918656,0.06822895644464703,0.06352385047410339,0.06488879841997064,0.06751345747593566,0.07294874460350376,0.06574506686897227,0.06920848508167787,0.07372329206777235,0.079905926904386,0.06066269818627993,0.054644562875039854,0.05572547761657538,0.05012524325238177,0.055815691905645434,0.061493369357758614,0.05451165497301978,0.0609272252939607,0.0631186512827496,0.06986582754662013,0.0687021982570124,0.05931089719698367,0.06599630699316651,0.07361037680201142,0.07354055996520274,0.08538426621143241,0.09241069782162445,0.09899441985353058,0.10571651004447202,0.1119547901367221,0.11762683315847973,0.1144742661360457,0.11903612501441188,0.11837501570147732,0.12700500223050262,0.12953287416344172,0.13024585583216597,0.1302789336301168,0.1368548537681344,0.1377809821177956,0.14153412776093532,0.13891194544679783,0.1383157323054499,0.1407859436203378,0.14881827138262305,0.14471535753621684,0.1404729049521014,0.1358072959916644,0.14397847119588508,0.14403731742582077,0.14235350595755064,0.14115916241900614
row_39,0.08914894973766055,0.09363599886038357,0.09458825085722852,0.09314411527282701,0.08788831392920629,0.08915047809440776,0.08276931303026971,0.07874400360713021,0.0898937520132127,0.09223068878883407,0.09633342299713027,0.09829906629620702,0.09374926589803721,0.08937561643349637,0.08538030313071143,0.08636758290712494,0.0871162882104745,0.08256870182049852,0.07924883062855273,0.07284988506025773,0.07419150506163524,0.06000491537509002,0.06751764657894013,0.06994168804642581,0.06731209379475865,0.06318733770265142,0.069025187488373,0.07107892803042304,0.06301012752345067,0.06852989239449434,0.07016884913183397,0.06847132301781851,0.06699063446423398,0.07569785604885579,0.07522304407396949,0.07327286116033127,0.059088734177215954,0.05712405916633595,0.05665861200289732,0.05576627832915501,0.05492051254926331,0.059505288480296646,0.055655972041471186,0.06517255955974277,0.06643623450055486,0.0680276763783818,0.06388056468194445,0.06799878574728008,0.07099096495901233,0.07544681251852137,0.07902771947634926,0.09183139536544443,0.09293020777918534,0.10384493038129372,0.11426709197544152,0.11521630049049886,0.11380972544976527,0.11223471672865312,0.12395002601245297,0.12015524352261808,0.12836044246623943,0.13499666878058483,0.1274219994025936,0.13359231369711438,0.13694047545717913,0.14234617735890465,0.1371759089746857,0.14088738897037092,0.14203301117557254,0.14265439584238407,0.14555797078757216,0.14540517954614773,0.1360099678581818,0.13738249895979124,0.1406069603647638,0.1430938659846684,0.1400890872495949,0.1344042346925315
row_40,0.09278899510546723,0.08865864040219605,0.08694372611182065,0.09835349449576677,0.08766352625367542,0.08918352322498813,0.08589421366112909,0.08217370927929007,0.08282025256741589,0.09151709310588196,0.08945472547635179,0.09777244972581726,0.09191024973115094,0.09343498544633085,0.08325692540213311,0.08393049211386333,0.0895308890387305,0.08519235036925644,0.08247644665317827,0.07324939201892297,0.07866768570929684,0.06842454363391404,0.059667494845191585,0.07351022214837412,0.06846904241298042,0.06534646193039244,0.06402188882817521,0.07175385021864415,0.07040562323544916,0.06662379026917543,0.07113623194929711,0.06585067140940987,0.06959274237799942,0.0733759140680332,0.07708899773166404,0.06880439569977342,0.07139217958693814,0.06141502634569673,0.05798802005541172,0.06203788574654022,0.05489905145011187,0.05315501107917554,0.060510921782334436,0.05986810290775495,0.06841537526640434,0.06473086728749906,0.06337291332353884,0.07225830977936475,0.0728036548458531,0.07279363311480509,0.08076506163417838,0.08544933201484509,0.09235930242804083,0.09772242407563775,0.11226678875674617,0.11737561567833947,0.1114844227694269,0.1116897476087624,0.11714049816448713,0.12559205587325908,0.12169527898198665,0.13377778785365013,0.13213624116135886,0.13078060484566728,0.1337595557550058,0.14136194337846805,0.13807179567318,0.13908373268844149,0.14446646336377433,0.1437916665875988,0.13946834942687036,0.1461163054517914,0.1409240190716871,0.13744109753148218,0.1342583220835478,0.1398612668052278,0.1407654891091643,0.13354494798810423
row_41,0.09225167602656142,0.08220909052802411,0.09080502118246543,0.09292105628213468,0.08897119985144494,0.0860249312600688,0.08529201291107641,0.08616541889702127,0.08451916830586063,0.0888066263269975,0.09097894770695936,0.09161108521800293,0.09162598955089747,0.08731687908633454,0.08191717547512123,0.08703786451262344,0.08764494957463397,0.08504937361797309,0.07657372662706749,0.07891597595735822,0.07296583045038559,0.06798487434998912,0.06569308618999467,0.07199830581338532,0.06656186688762834,0.06613746457657879,0.06683457946775273,0.07110126714238264,0.07382378931100815,0.06922994816234404,0.06686860878388054,0.06698607527042562,0.07578319263337963,0.07481893289898373,0.07078054658311585,0.06707936346877291,0.07348354150264513,0.06218639656603089,0.06324478313612128,0.061049491440495096,0.05315763156669742,0.0543224520656562,0.06452334030017276,0.06313230518554927,0.06666343750671214,0.06023790526033301,0.07156384815267881,0.07688173981135894,0.07458561138191377,0.07803078944055955,0.08708620319683995,0.08606087022659535,0.09705719748754166,0.10610541250900024,0.11540078255851934,0.11371321041026866,0.10947002539812714,0.11652057793028821,0.11889485913465982,0.1269248670928193,0.12716404259461483,0.13095433836725243,0.13542080932573794,0.13103605264988882,0.13820871140461954,0.13724410398526043,0.13996550619874487,0.14265117747134964,0.14614833366258234,0.14067280535637966,0.14018103070893734,0.1416886436243645,0.14216788309170997,0.13448866472689527,0.133669478622017,0.13762962630165665,0.1344226840674832,0.13355359902320063
row_42,0.09079972302190314,0.08590058822421914,0.08611034085788266,0.08566535785658295,0.09411430045795827,0.08592187721944661,0.08545175956056704,0.08914224958911234,0.08773463175848857,0.0820308390877899,0.09031711835673832,0.08514616593382995,0.09131310154681088,0.08569253579274486,0.08589283231717676,0.08499728743617775,0.08529344187842466,0.08747994897504113,0.07926184552459503,0.08201529718153187,0.0733111398919074,0.0724372404688157,0.07371453272160532,0.0644304898545261,0.07006707468533072,0.06728359847161802,0.06882861598027154,0.06633376164338856,0.07448865332092888,0.07623419312867258,0.06507147102639005,0.06796244986551886,0.07308278514505992,0.07709412367425174,0.06869344808446727,0.06903475910699546,0.06923616860547231,0.0740170843324504,0.06725720499634032,0.06224036693481308,0.059202145666846395,0.05429348677086303,0.05841440753958561,0.06767462354942703,0.06156666354487673,0.062202367715453066,0.06834274775361741,0.07608372848506871,0.07853721012914092,0.07967739917106939,0.08430553886206563,0.08766593781503115,0.09073321960361413,0.10529707074690979,0.10933320623601575,0.1118929678890597,0.1117213961522769,0.11423888563915911,0.11829983281245512,0.12038435076888626,0.13224887076378225,0.12458240471374857,0.13424375099969088,0.13553459381266583,0.13548521514042666,0.13424889377504165,0.13913976814100473,0.14341351888401077,0.14431680860734428,0.14303914545614893,0.14139520458082705,0.13597664596622908,0.14303040331772632,0.13925073639293434,0.1339311946998728,0.13157209115748153,0.1314449040123874,0.13439546720528037
row_43,0.08457529644038153,0.08965406812171128,0.08115452779635318,0.08695156211967373,0.091082617182993,0.08534549365809356,0.08916672517946508,0.09061924525783711,0.08522554593692705,0.08362661117999226,0.08459154349538081,0.08500174292897072,0.08554418734686606,0.08435785775620422,0.08883523702351338,0.0833629609282581,0.0852027140755651,0.08172771170704245,0.08454520239672263,0.07648607024613852,0.07276918633337869,0.07794517444319937,0.0723088686535025,0.06267166812373842,0.07068404159669926,0.06991764245633107,0.06827687015128481,0.06971080029379162,0.07683162575892255,0.07193095580001947,0.06616815949147392,0.07392374049055792,0.07446527740429737,0.0710978320628981,0.06702671925646377,0.07109150285563834,0.06984767728584565,0.07878450339913347,0.06617778863231896,0.06040797360108789,0.060161090264400245,0.05830025392181158,0.061602387632892205,0.06600452217520644,0.05733645909834304,0.07009572076663341,0.07280235187562098,0.07772120236098108,0.0834735833029498,0.08574687043844786,0.08497308010094089,0.0921687232746117,0.09891172519314367,0.10851434690688459,0.10593601512543674,0.11003145088338417,0.11638566316838354,0.11599863568923276,0.1197922287846287,0.1257102147380445,0.12953816537657495,0.12792112441077644,0.13427968519771047,0.13976906634660097,0.13166936102870241,0.1361786686796782,0.1425240409450285,0.14513834599894476,0.1412698540035655,0.14367512552830858,0.13729205644306453,0.13738348993262112,0.1401151632626783,0.13862151213108304,0.13187674579593994,0.1255831877636093,0.13153696900820633,0.13264972256235752
row_44,0.08507583688288302,0.08825734679865528,0.08474363217212456,0.08254185014713575,0.0840687756831324,0.0904094345483566,0.08901386602259413,0.0906837844569589,0.08810224403519298,0.08677638368014474,0.07817611473207457,0.08449563434494715,0.07949001152821014,0.08426529919491314,0.0872771005435151,0.08719907367306191,0.0833125027533639,0.07964617345506142,0.08689517699492497,0.07909791599519474,0.0759024031146426,0.07816580123582698,0.07647817304359011,0.07043401148631853,0.06345213745094597,0.07320465857823118,0.06934171872165076,0.07157378505491258,0.07208947129160691,0.07262159345589966,0.07292292116885027,0.0720035650628822,0.07526447970444547,0.06863308916572877,0.06944166844129332,0.06908882865367805,0.07163046828867532,0.07459848197214336,0.07747702988586816,0.06427550298081904,0.061347672684895244,0.06399861158170803,0.0614024753855501,0.06012966416665861,0.06178806719257661,0.06512043321771034,0.07446416407128588,0.07449279042976556,0.08258807075457021,0.08939908529533011,0.08636595466603347,0.08944610867596225,0.1002097356505757,0.102252299706897,0.10515399494043465,0.10424068294834893,0.11460725763748891,0.11810985586415652,0.11754007829794393,0.12502995125918026,0.12319133692347438,0.13273837842480954,0.1282108761609278,0.13846916341699225,0.13600818186321834,0.13365063191261328,0.1395794093182623,0.14423571218480594,0.14220837727308508,0.1419590422921571,0.13967017574934354,0.13870135780934328,0.13465695654235946,0.1394546886092407,0.13651437526550775,0.12603757635450566,0.12578235098186402,0.1298865538345393
row_45,0.08868251268186854,0.08350717776274824,0.08606620734668775,0.07977696185368449,0.083582065548085,0.09394850085657763,0.09050945989078224,0.08819742447283076,0.08960321896963425,0.08132032597025665,0.07818087963390613,0.07915741783963351,0.07840266045358275,0.08716276105205771,0.0856832508839941,0.0870657637428354,0.07789738062348633,0.08471830983809099,0.08152546139096892,0.0785563497658354,0.08108754737418604,0.07675711866973937,0.07459269418610316,0.07104942671480582,0.06610800737343364,0.07261047343110033,0.0725849674044486,0.07389867438118143,0.06809912954695338,0.07357979524107769,0.07854787260645481,0.0733790650571888,0.06952769139458295,0.06706744682679568,0.07139624482313549,0.06967924653624853,0.07626534059920721,0.07343935910093782,0.07534171818981276,0.06512335751400634,0.06508981837384423,0.06696876651194245,0.059997120841624986,0.056062242911346045,0.0692934289893532,0.0695022678655989,0.07606529130388608,0.07930131305648812,0.08842111693489801,0.08996784385641438,0.09074491397197824,0.09739842378349106,0.10346404391085454,0.099022230718145,0.10349738857680821,0.10885192664505963,0.11641258803192917,0.11954525844630433,0.12273994779780699,0.12257898441971617,0.126383488349813,0.13290234895687675,0.13245209850843484,0.1348018006248916,0.13784271572042844,0.1371058717103875,0.14132512697477523,0.14139510299533903,0.14296279124764838,0.13798812022641754,0.14106680446087996,0.13604918279872377,0.13412903819824587,0.13743002021390227,0.1307173178403303,0.12618713482811206,0.12433035471126894,0.12414169964909832
row_46,0.08810981718509331,0.08400085269633753,0.0847973594545228,0.08327034517456383,0.0793395370283746,0.0870884631876189,0.09528991459145358,0.08805172161593844,0.08965538205755781,0.08420477783870975,0.08126619883858013,0.07310509254666941,0.07803247727968243,0.08132748602628316,0.08555590565595061,0.08560564482548208,0.08172509981204168,0.082920717199556,0.07949105740491866,0.08090846009754349,0.08354851577858731,0.0796176140760243,0.07487215555222121,0.07508672760297115,0.07346323018670643,0.06563013376598349,0.07571661278775496,0.07485087523907645,0.06991983263621585,0.06909595019435738,0.07905436720205652,0.07974570760198697,0.06776909896839373,0.06795861313560722,0.06902661316402656,0.07190869407693606,0.0742454974653844,0.0750828308580834,0.07140598728228731,0.07595724588358772,0.06871931146982892,0.06796841430987897,0.06542980330266054,0.05601371640769758,0.06355154952991475,0.07348709385874688,0.07115854606688223,0.08074964604702493,0.08509281726518474,0.0889782994922134,0.09418859176439401,0.09850040640753768,0.10063465845711589,0.10024500332843563,0.09753964220671635,0.10804239482031862,0.1106777848938797,0.11789381798831565,0.12457000243267827,0.12034503204497286,0.12567045083378342,0.12668343415409056,0.13705881954117785,0.1289530832130748,0.13666474910489082,0.14111958385370804,0.13883578258039875,0.13855059805661335,0.14216012116265742,0.13901896336858593,0.1394366111615038,0.1383859933281775,0.13548014116508073,0.1322082068927821,0.13164988550199078,0.13075464406154494,0.12474741805351952,0.11871900350598244
row_47,0.08352727216807657,0.08526506841474157,0.08208398654502032,0.08278533195404769,0.08288893134628558,0.08850953426332098,0.09283589202663706,0.08949649383808056,0.08440811217479183,0.0841069811352425,0.07624518179098622,0.072119029189199,0.08093737578755986,0.07987644047311473,0.08545670927151161,0.08039577934531107,0.08661304795467753,0.07782633489673338,0.07891253968963749,0.08578762690575528,0.08207244009438422,0.07772549918198542,0.07535443486010666,0.07736361725745705,0.07287092945103256,0.06879466437141306,0.07790314959174623,0.07095658713401351,0.07087429629673,0.07453801565714167,0.08024133542746927,0.07407733697476117,0.0662937484516161,0.0698638383232538,0.06956621826139162,0.07632614274686379,0.07311163043718817,0.07306515756972284,0.07210938608266773,0.07930638062509525,0.07144878598952795,0.06645921853890104,0.06141046506548595,0.06338220398271258,0.06781295322235557,0.07506369188336998,0.07578558810783995,0.08640972583543796,0.08566967457892563,0.09314146642119933,0.10178431832835272,0.1016474032781704,0.09756787164948183,0.09877584740239229,0.1021001482341227,0.10987960455043291,0.11230787945734634,0.12292362078193277,0.12221506213914518,0.12341544368904905,0.12593857787058302,0.13097582368548052,0.1335000003680124,0.13093075102008037,0.1399364020706259,0.14280155095516117,0.1362033757384951,0.13936300796521361,0.13837220662228783,0.14043445970903864,0.13682010872210887,0.13781187846549564,0.13356899640099046,0.1265837254841228,0.13173925159348437,0.12926996052405493,0.11926308360453536,0.12018515069569628
row_48,0.0844383291535852,0.08477426272788902,0.08262214585316394,0.08164236817627005,0.0862106302666909,0.08436003537049513,0.08622980842359934,0.09418366754260113,0.0843732960317063,0.08426935553448037,0.07916408826320057,0.07524296415361556,0.07501616190087831,0.07951604334175147,0.07991295862973491,0.08032565935017552,0.08521829211443116,0.08155293463432241,0.07729035750743599,0.08375379944596131,0.08429618498430774,0.08017319844949988,0.07813239300813701,0.07755783678436268,0.0767291093080579,0.07590677486048608,0.0709989947484425,0.07403732754104508,0.07189224206536757,0.07617071591072211,0.0758506900277284,0.07466786176945647,0.07249685153376365,0.06820601691783963,0.07036364075246514,0.07393649108614299,0.07520438838293529,0.07118651113903603,0.07369077192444609,0.07546985980850707,0.08186365683793857,0.06991897271047448,0.06251056425560564,0.06853189234754112,0.06755801975633381,0.06945596509397926,0.0795308213258819,0.08144557075165267,0.08694616218365853,0.08983796178046985,0.10063415318777191,0.10483037075365625,0.09862483851407938,0.09619070413394398,0.10326591250217276,0.10398846612026816,0.11153300345503764,0.11734511011936911,0.12067905381716965,0.1251966235588027,0.12373996943242505,0.13018305348485126,0.12757290068793092,0.1353799774855492,0.13424032528882188,0.14163078316838357,0.14015907904139047,0.13708226891207453,0.13568549023199214,0.13980122769018866,0.13791094663155729,0.13628672915922435,0.13591509711880634,0.1279862209022114,0.12680612795437057,0.1302488561477944,0.12385138164202039,0.12070447618659705
row_49,0.08560836626148687,0.08217536015874896,0.08215196777953174,0.08496529167336114,0.08761490307829141,0.08217378349147433,0.08762909058200836,0.08908261257334936,0.08421170327189809,0.07941341793988742,0.07811436313905679,0.07803024550944009,0.0737236308948384,0.07954395889587351,0.07491961027950271,0.0850540962463656,0.08026807867789844,0.08091782802977746,0.08208332680274404,0.08234108051570048,0.08232323230194277,0.0804997345431714,0.08021105326129291,0.07689760513357767,0.07965568690696329,0.07790483165425491,0.06735416935370692,0.07488890560844656,0.07707099049156735,0.07740237636245348,0.07046565109177017,0.07305532756007393,0.074261930592999,0.06872876175505459,0.0745919375363918,0.07288145693423825,0.07326752367792716,0.07178807333377119,0.07695633319948963,0.07801900621383376,0.08005121235812963,0.06597976901791079,0.06948935157412582,0.0725340993652089,0.06916717727837848,0.07385790429225977,0.08499626410500521,0.08204728264633286,0.09098979113038247,0.09725317674636577,0.1036422548346867,0.10177526337088365,0.09727256818109203,0.10064927027896681,0.1050407861173707,0.10576771483107383,0.1164620458289169,0.11513311740209256,0.12365219782909115,0.12548592813253423,0.1278859297443099,0.12687007845145157,0.1294855843444781,0.13853616268001653,0.1360570581425682,0.13900925963602784,0.14090846052854275,0.13351276916146865,0.13708411196732315,0.13735824614780306,0.13737469856480655,0.13434668252550358,0.13031666994917157,0.1281991308235163,0.12542469554379604,0.12484628926921854,0.1251594419376722,0.12166004500408772
row_50,0.0819242992728318,0.08306968619773124,0.08170918806392052,0.08539954517874185,0.08636774871959343,0.08541791029669402,0.08364672562222555,0.08276072605713847,0.08887444978756515,0.07948592661919107,0.07839534866555257,0.08083321829226245,0.07675075427637472,0.07383084744245888,0.07468253388917392,0.07969283827490689,0.08023156330355946,0.07967410968064342,0.08559598243317343,0.08070495537419918,0.0804841247916871,0.08258615431729674,0.08251390231324716,0.07955976658493077,0.07978864607328581,0.08154083229281658,0.07417780331292609,0.0682894516457722,0.07995779409979892,0.07828855329081293,0.07208833962523001,0.06900801047643347,0.0747931488331261,0.07468565797530684,0.07292996898816803,0.07354273380085988,0.07101416266261532,0.07384611549902836,0.07503982476400262,0.0794322437137402,0.07634127094756725,0.07598916907374183,0.07275171634762831,0.07342413421017357,0.07403862081134843,0.07351148277858845,0.07938711455813743,0.08555399494582486,0.08607586567480548,0.09829764264969093,0.10030242001460202,0.10070740225930848,0.10041831032723643,0.10166404936646195,0.10246112249851114,0.10682188880232266,0.11068872009102806,0.11428675222108128,0.11808362295865352,0.12396431364550717,0.12961387503776295,0.12471448344075932,0.12873347272728175,0.1327257044704426,0.14029383027321746,0.13362006872496113,0.1397956966884224,0.13742056721187906,0.1348601002856341,0.1347132978738769,0.13681037555114914,0.13549966063850263,0.12892030800120444,0.13048457135407382,0.12684544151015875,0.12020758514200318,0.1261212897582077,0.12608315802631495
