"","mean","cv","std","pos","score1","score2","score3","Gene","mean_expression","adjustMean","quartile"
"KRAS-0",1.142095621,4.06999012563415,0.046483179,5724,1.095612442,1.1885788,NA,"KRAS",0.741849615804878,-0.400246005195122,"Q1"
"KRAS-1",0.8934551735,7.86825132195622,0.0702992985,5662,0.823155875,0.963754472,NA,"KRAS",0.741849615804878,-0.151605557695122,"Q1"
"KRAS-2",0.9365602455,16.1745332697874,0.1514842485,5600,0.785075997,1.088044494,NA,"KRAS",0.741849615804878,-0.194710629695122,"Q1"
"KRAS-3",0.93884381,2.77210792767664,0.0260257636855114,5538,0.908612812,0.972141048,0.93577757,"KRAS",0.741849615804878,-0.196994194195122,"Q1"
"KRAS-4",0.913079293,7.58116359999416,0.069222035,5476,0.843857258,0.982301328,NA,"KRAS",0.741849615804878,-0.171229677195122,"Q1"
"KRAS-6",0.794963533,4.38711432062632,0.034875959,5352,0.829839492,0.760087574,NA,"KRAS",0.741849615804878,-0.0531139171951219,"Q2"
"KRAS-7",0.830320211,0.173286640616291,0.001438834,5290,0.831759045,0.828881377,NA,"KRAS",0.741849615804878,-0.0884705951951219,"Q2"
"KRAS-8",0.9505090125,0.693136036939999,0.00658832050000002,5228,0.957097333,0.943920692,NA,"KRAS",0.741849615804878,-0.208659396695122,"Q1"
"KRAS-9",1.1805459135,1.73269453276541,0.0204552545,5166,1.160090659,1.201001168,NA,"KRAS",0.741849615804878,-0.438696297695122,"Q1"
"KRAS-10",0.651526838,7.35140261405471,0.047896361,5104,0.603630477,0.699423199,NA,"KRAS",0.741849615804878,0.090322777804878,"Q3"
"KRAS-12",0.744966646333333,1.5675181832448,0.011677487640384,4980,0.731656075,0.74315629,0.760087574,"KRAS",0.741849615804878,-0.00311703052845524,"Q2"
"KRAS-13",0.77297363,1.09743899025378,0.00848291400000001,4918,0.764490716,0.781456544,NA,"KRAS",0.741849615804878,-0.0311240141951219,"Q2"
"KRAS-14",0.817689912333333,4.14204107796637,0.0338690520592339,4856,0.804819717,0.784169565,0.864080455,"KRAS",0.741849615804878,-0.0758402965284553,"Q2"
"KRAS-15",0.781094497333333,1.5084463066755,0.0117823910966702,4794,0.793739526,0.784169565,0.765374401,"KRAS",0.741849615804878,-0.0392448815284552,"Q2"
"KRAS-16",0.7082797595,9.75953958486654,0.0691248435,4732,0.639154916,0.777404603,NA,"KRAS",0.741849615804878,0.0335698563048781,"Q3"
"KRAS-17",0.7001888795,4.67533239365022,0.0327361575,4670,0.667452722,0.732925037,NA,"KRAS",0.741849615804878,0.0416607363048781,"Q3"
"KRAS-18",0.744308576,7.2225278142764,0.0537578939256446,4608,0.668610332,0.788256766,0.77605863,"KRAS",0.741849615804878,-0.00245896019512193,"Q2"
"KRAS-19",0.629360027333333,3.81601330066071,0.0240164623520819,4546,0.630355482,0.599460897,0.658263703,"KRAS",0.741849615804878,0.112489588471545,"Q3"
"KRAS-20",0.871369338333333,8.50192634338619,0.0740831793239516,4484,0.919701472,0.766701844,0.927704699,"KRAS",0.741849615804878,-0.129519722528455,"Q2"
"KRAS-21",0.7036910595,0.606496337047749,0.0042678605,4422,0.70795892,0.699423199,NA,"KRAS",0.741849615804878,0.038158556304878,"Q3"
"KRAS-22",0.726190833,7.48238975572171,0.0543364284953821,4360,0.753530365,0.774714987,0.650327147,"KRAS",0.741849615804878,0.0156587828048781,"Q3"
"KRAS-23",0.9118015115,0.866412305788327,0.00789996049999997,4298,0.903901551,0.919701472,NA,"KRAS",0.741849615804878,-0.169951895695122,"Q1"
"KRAS-24",0.8680355165,2.16574623303446,0.0187994465,4236,0.886834963,0.84923607,NA,"KRAS",0.741849615804878,-0.126185900695122,"Q2"
"KRAS-26",0.5330196835,11.3017934167904,0.0602407835,4112,0.4727789,0.593260467,NA,"KRAS",0.741849615804878,0.208829932304878,"Q4"
"KRAS-27",0.733510090666667,5.29028707979806,0.0388047895555537,4050,0.717841658,0.786892004,0.69579661,"KRAS",0.741849615804878,0.00833952513821146,"Q2"
"KRAS-28",0.600466775333333,9.35714625134278,0.0561865543586619,3988,0.522766122,0.653716744,0.62491746,"KRAS",0.741849615804878,0.141382840471545,"Q3"
"KRAS-29",0.6448377695,4.58887489219875,0.0295907985,3926,0.615246971,0.674428568,NA,"KRAS",0.741849615804878,0.097011846304878,"Q3"
"KRAS-30",0.6151616885,7.006615546085,0.0431020145,3864,0.572059674,0.658263703,NA,"KRAS",0.741849615804878,0.126687927304878,"Q3"
"KRAS-31",0.630970319,1.47283124422213,0.00929312800000004,3802,0.640263447,0.621677191,NA,"KRAS",0.741849615804878,0.110879296804878,"Q3"
"KRAS-32",0.755748656,6.88273900790905,0.0520162075482604,3740,0.69459193,0.82173069,0.750923348,"KRAS",0.741849615804878,-0.013899040195122,"Q2"
"KRAS-33",0.586377612666667,9.50192912730524,0.0557171851739711,3678,0.520957488,0.657124007,0.581051343,"KRAS",0.741849615804878,0.155472003138212,"Q4"
"KRAS-34",0.492215885,6.57539709430548,0.032365149,3616,0.459850736,0.524581034,NA,"KRAS",0.741849615804878,0.249633730804878,"Q4"
"KRAS-35",0.602582399,11.7292649299569,0.070678486,3554,0.531903913,0.673260885,NA,"KRAS",0.741849615804878,0.139267216804878,"Q3"
"KRAS-36",0.946997376,10.7882761440724,0.102164692,3492,0.844832684,1.049162068,NA,"KRAS",0.741849615804878,-0.205147760195122,"Q1"
"KRAS-39",0.6774979605,8.55672074012097,0.0579716085,3306,0.735469569,0.619526352,NA,"KRAS",0.741849615804878,0.0643516553048781,"Q3"
"KRAS-42",0.771921964,9.97069935910373,0.0769660183173289,3120,0.674428568,0.862584414,0.77875291,"KRAS",0.741849615804878,-0.0300723481951219,"Q2"
"KRAS-43",0.650710049,8.98660380147288,0.058476734,3058,0.592233315,0.709186783,NA,"KRAS",0.741849615804878,0.0911395668048781,"Q3"
"KRAS-44",0.689478481666667,8.91147576386554,0.0614427077907931,2996,0.602585371,0.732925037,0.732925037,"KRAS",0.741849615804878,0.0523711341382114,"Q3"
"KRAS-45",0.9008957575,8.47070539123945,0.0763122255,2934,0.824583532,0.977207983,NA,"KRAS",0.741849615804878,-0.159046141695122,"Q1"
"KRAS-46",0.829559334,5.79859547454625,0.04810279,2872,0.781456544,0.877662124,NA,"KRAS",0.741849615804878,-0.087709718195122,"Q2"
"KRAS-47",0.873028911666667,9.00018382426728,0.078574206889,2810,0.795116164,0.980600603,0.843369968,"KRAS",0.741849615804878,-0.131179295861789,"Q2"
"KRAS-48",0.7277444005,7.7534316253389,0.0564251645,2748,0.671319236,0.784169565,NA,"KRAS",0.741849615804878,0.0141052153048781,"Q3"
"KRAS-49",0.7175721755,6.66166096346918,0.0478022255,2686,0.765374401,0.66976995,NA,"KRAS",0.741849615804878,0.0242774403048781,"Q3"
"KRAS-50",0.7889900815,1.12631650363782,0.00888652549999996,2624,0.797876607,0.780103556,NA,"KRAS",0.741849615804878,-0.0471404656951219,"Q2"
"KRAS-51",0.666057242666667,8.63712572921789,0.0575282014776819,2562,0.602585371,0.653716744,0.741869613,"KRAS",0.741849615804878,0.0757923731382114,"Q3"
"KRAS-52",0.639370847,2.59871670376613,0.016615437,2500,0.62275541,0.655986284,NA,"KRAS",0.741849615804878,0.102478768804878,"Q3"
"KRAS-53",0.540401503,2.25234736254981,0.012171719,2438,0.528229784,0.552573222,NA,"KRAS",0.741849615804878,0.201448112804878,"Q4"
"KRAS-54",0.63409648,5.6258741571945,0.03567347,2376,0.59842301,0.66976995,NA,"KRAS",0.741849615804878,0.107753135804878,"Q3"
"KRAS-56",0.760919666,4.6753324417298,0.035575524,2252,0.725344142,0.79649519,NA,"KRAS",0.741849615804878,-0.0190700501951219,"Q2"
"KRAS-57",0.759221475,3.46155964188346,0.0262809041711123,2190,0.732925037,0.749623224,0.795116164,"KRAS",0.741849615804878,-0.017371859195122,"Q2"
"KRAS-58",0.583689896,1.9925344056324,0.011630222,2128,0.572059674,0.595320118,NA,"KRAS",0.741849615804878,0.158159719804878,"Q4"
"KRAS-59",0.773034085,6.06260160857407,0.0468659768720358,2066,0.710416775,0.785529605,0.823155875,"KRAS",0.741849615804878,-0.0311844691951219,"Q2"
"KRAS-60",0.8987096745,7.60987807748363,0.0683907105,2004,0.830318964,0.967100385,NA,"KRAS",0.741849615804878,-0.156860058695122,"Q1"
"KRAS-61",0.843238141,10.0169280649273,0.084466558,1942,0.758771583,0.927704699,NA,"KRAS",0.741849615804878,-0.101388525195122,"Q2"
"KRAS-62",0.523867076,7.69601409346825,0.040316884,1880,0.483550192,0.56418396,NA,"KRAS",0.741849615804878,0.217982539804878,"Q4"
"KRAS-63",0.6989632495,8.55672076361434,0.0598083335,1818,0.639154916,0.758771583,NA,"KRAS",0.741849615804878,0.0428863663048781,"Q3"
"KRAS-64",0.542066478333333,8.68951543885218,0.0471029503236173,1756,0.477720123,0.559316794,0.589162518,"KRAS",0.741849615804878,0.199783137471545,"Q4"
"KRAS-65",0.4923710085,10.8739031290873,0.0535399465,1694,0.438831062,0.545910955,NA,"KRAS",0.741849615804878,0.249478607304878,"Q4"
"KRAS-66",0.616921748333333,8.25444619588395,0.0509234737868816,1632,0.58712417,0.688599746,0.575041329,"KRAS",0.741849615804878,0.124927867471545,"Q3"
"KRAS-67",0.716291853,7.78213849097066,0.055742824,1570,0.660549029,0.772034677,NA,"KRAS",0.741849615804878,0.0255577628048781,"Q3"
"KRAS-68",0.683521425,5.02109103602714,0.034320233,1508,0.649201192,0.717841658,NA,"KRAS",0.741849615804878,0.0583281908048781,"Q3"
"KRAS-69",0.595023999,9.67371418577017,0.057560921,1446,0.537463078,0.65258492,NA,"KRAS",0.741849615804878,0.146825616804878,"Q3"
"KRAS-70",0.6526005965,0.693136127098222,0.00452341049999999,1384,0.657124007,0.648077186,NA,"KRAS",0.741849615804878,0.0892490193048782,"Q3"
"KRAS-71",1.0587516535,8.81468984643243,0.0933256745,1322,0.965425979,1.152077328,NA,"KRAS",0.741849615804878,-0.316902037695122,"Q1"
"KRAS-72",0.696663782333333,6.92116622214606,0.0482172583847798,1260,0.756146433,0.638048304,0.69579661,"KRAS",0.741849615804878,0.0451858334715448,"Q3"
"KRAS-73",0.714037553333333,9.02517596418203,0.0644431456386735,1198,0.675598277,0.804819717,0.661694666,"KRAS",0.741849615804878,0.0278120624715448,"Q3"
"KRAS-74",0.627129003,1.15526692228275,0.00724501393170061,1136,0.629264105,0.617382953,0.634739951,"KRAS",0.741849615804878,0.114720612804878,"Q3"
"KRAS-75",0.626894292,9.41625618905628,0.0590299725692906,1074,0.70795892,0.603630477,0.569093479,"KRAS",0.741849615804878,0.114955323804878,"Q3"
"KRAS-76",0.693325260333333,5.72061698962672,0.0396624826360024,1012,0.741869613,0.644716832,0.693389336,"KRAS",0.741849615804878,0.0485243554715448,"Q3"
"KRAS-77",0.661227905333333,7.43106635315286,0.0491362843908828,950,0.722834642,0.658263703,0.602585371,"KRAS",0.741849615804878,0.0806217104715448,"Q3"
"KRAS-78",0.775239277333333,3.67775690490133,0.0285114160516338,888,0.740585164,0.774714987,0.810417681,"KRAS",0.741849615804878,-0.0333896615284552,"Q2"
"KRAS-80",0.698515591,8.81468986423812,0.061571983,764,0.636943608,0.760087574,NA,"KRAS",0.741849615804878,0.043334024804878,"Q3"
"KRAS-81",0.7609063765,17.1572874839747,0.1305508945,702,0.891457271,0.630355482,NA,"KRAS",0.741849615804878,-0.019056760695122,"Q2"
"KRAS-82",0.459565210666667,8.7501545531075,0.0402126662056474,640,0.481877236,0.403107786,0.49371061,"KRAS",0.741849615804878,0.282284405138211,"Q4"
"KRAS-84",1.1746923825,8.06913536787151,0.0947875185,516,1.079904864,1.269479901,NA,"KRAS",0.741849615804878,-0.432842766695122,"Q1"
"KRAS-85",0.190691908,1.03968334094177,0.00198259200000001,454,0.1926745,0.188709316,NA,"KRAS",0.741849615804878,0.551157707804878,"Q4"
"KRAS-86",0.800611743333333,3.25101354305557,0.02602799620306,392,0.80901455,0.827446279,0.765374401,"KRAS",0.741849615804878,-0.0587621275284553,"Q2"
"KRAS-87",0.578541340333333,8.56206835228901,0.049535105005589,330,0.632543917,0.590184343,0.512895761,"KRAS",0.741849615804878,0.163308275471545,"Q4"
"KRAS-88",0.810337683,5.71223910365773,0.046288426,268,0.764049257,0.856626109,NA,"KRAS",0.741849615804878,-0.0684880671951219,"Q2"
"KRAS-90",0.8781892715,3.46434891513019,0.0304235405,144,0.847765731,0.908612812,NA,"KRAS",0.741849615804878,-0.136339655695122,"Q2"
"KRAS-91",0.879660886,3.2912599003521,0.028951926,82,0.85070896,0.908612812,NA,"KRAS",0.741849615804878,-0.137811270195122,"Q2"
"KRAS-92",1.1451837225,1.12631652429029,0.0128983935000001,20,1.132285329,1.158082116,NA,"KRAS",0.741849615804878,-0.403334106695122,"Q1"
"PPIB-0",0.871141376,5.78312496789611,0.0503791944211298,1016,0.863189142,0.936433611,0.813801375,"PPIB",0.612214989556306,-0.258926386443694,"Q1"
"PPIB-1",0.913567877,1.53349778576032,0.0140095431652125,1005,0.933193797,0.906104044,0.90140579,"PPIB",0.612214989556306,-0.301352887443694,"Q1"
"PPIB-2",0.748205457333333,2.43874997747424,0.0182468604221777,994,0.733438865,0.773915856,0.737261651,"PPIB",0.612214989556306,-0.135990467777027,"Q2"
"PPIB-3",0.807693317333333,4.7982999791997,0.0387555482776027,983,0.772575923,0.861694644,0.788809385,"PPIB",0.612214989556306,-0.195478327777027,"Q1"
"PPIB-4",0.760153199666667,5.85853616392107,0.0445338501036748,972,0.748849975,0.819461811,0.712147813,"PPIB",0.612214989556306,-0.14793821011036,"Q1"
"PPIB-5",0.309987570333333,3.44396432625506,0.0106758613381048,961,0.29529905,0.320356157,0.314307504,"PPIB",0.612214989556306,0.302227419222973,"Q4"
"PPIB-6",0.397364590333333,3.27615408569063,0.0130182762612933,950,0.378994449,0.407606404,0.405492918,"PPIB",0.612214989556306,0.214850399222973,"Q4"
"PPIB-7",0.515707847333333,1.70304209319117,0.00878272171797672,939,0.503564548,0.52403992,0.519519074,"PPIB",0.612214989556306,0.096507142222973,"Q3"
"PPIB-10",0.639967139333333,4.74026848052171,0.0303361605915145,906,0.597805727,0.66792065,0.654175041,"PPIB",0.612214989556306,-0.0277521497770271,"Q2"
"PPIB-12",0.541456509,7.33175807247435,0.0396982813075453,884,0.593676381,0.533199977,0.497493169,"PPIB",0.612214989556306,0.0707584805563063,"Q3"
"PPIB-13",0.862683375666667,9.13414654368093,0.0787987637413668,873,0.972822581,0.822306776,0.79292077,"PPIB",0.612214989556306,-0.25046838611036,"Q1"
"PPIB-14",0.857691327,3.29125993365676,0.028228851,862,0.885920178,0.829462476,NA,"PPIB",0.612214989556306,-0.245476337443694,"Q1"
"PPIB-15",0.713872957,5.07888878984115,0.0362568135867805,851,0.695078884,0.764584905,0.681955082,"PPIB",0.612214989556306,-0.101657967443694,"Q2"
"PPIB-16",0.389685037,1.35600955964493,0.00528416635422587,840,0.397147994,0.386287962,0.385619155,"PPIB",0.612214989556306,0.222529952556306,"Q4"
"PPIB-18",0.454177159333333,7.0688235226318,0.0321049818733756,818,0.449143582,0.495771974,0.417615922,"PPIB",0.612214989556306,0.158037830222973,"Q4"
"PPIB-19",0.593696875,4.24297752956844,0.025190425,807,0.6188873,0.56850645,NA,"PPIB",0.612214989556306,0.0185181145563063,"Q3"
"PPIB-20",0.579174317,5.02109108543224,0.02908087,796,0.550093447,0.608255187,NA,"PPIB",0.612214989556306,0.0330406725563063,"Q3"
"PPIB-22",0.384155475666667,2.19229800864829,0.00842183284315372,774,0.394404693,0.37377672,0.384285014,"PPIB",0.612214989556306,0.22805951388964,"Q4"
"PPIB-23",0.436872221,0.693136082918853,0.003028119,763,0.43990034,0.433844102,NA,"PPIB",0.612214989556306,0.175342768556306,"Q4"
"PPIB-24",0.370372138333333,4.93212285293536,0.0182672088756437,752,0.34454125,0.382955489,0.383619676,"PPIB",0.612214989556306,0.241842851222973,"Q4"
"PPIB-25",0.347806128666667,5.23607966902458,0.0182114059907368,741,0.339209533,0.373129575,0.331079278,"PPIB",0.612214989556306,0.26440886088964,"Q4"
"PPIB-26",0.683242699666667,9.9184119061059,0.067766825271338,730,0.617815779,0.776602697,0.655309623,"PPIB",0.612214989556306,-0.0710277101103604,"Q2"
"PPIB-27",0.565615059333333,8.90119687246006,0.0503465099715418,719,0.49491361,0.593676381,0.608255187,"PPIB",0.612214989556306,0.0465999302229728,"Q3"
"PPIB-28",0.541063314666667,7.86307897600413,0.0425442357424257,708,0.490644034,0.537839874,0.594706036,"PPIB",0.612214989556306,0.0711516748896396,"Q3"
"PPIB-29",0.507382657333333,0.945111544453886,0.00479533206901423,697,0.503564548,0.504437915,0.514145509,"PPIB",0.612214989556306,0.104832332222973,"Q3"
"PPIB-30",0.531871865333333,3.404144230068,0.0181056854150997,686,0.507067116,0.549775792,0.538772688,"PPIB",0.612214989556306,0.080343124222973,"Q3"
"PPIB-31",0.451958385333333,3.06018773000916,0.0138307750527182,675,0.433844102,0.454624904,0.46740615,"PPIB",0.612214989556306,0.160256604222973,"Q4"
"PPIB-32",0.397942173666667,7.08893159206213,0.0282098484671951,664,0.359795394,0.406900687,0.42713044,"PPIB",0.612214989556306,0.21427281588964,"Q4"
"PPIB-33",0.327272982,7.53926735557148,0.0246739850955313,653,0.295811208,0.329933831,0.356073907,"PPIB",0.612214989556306,0.284942007556306,"Q4"
"PPIB-35",0.4224163025,1.819310584018,0.00768506450000001,631,0.414731238,0.430101367,NA,"PPIB",0.612214989556306,0.189798687056306,"Q4"
"PPIB-36",0.300789263,3.19194514955387,0.00960102829070734,620,0.304127593,0.310517961,0.287722235,"PPIB",0.612214989556306,0.311425726556306,"Q4"
"PPIB-37",0.333067452,7.12109419096363,0.0237180469763626,609,0.305712749,0.363555776,0.329933831,"PPIB",0.612214989556306,0.279147537556306,"Q4"
"PPIB-40",0.39290157,3.20470798831372,0.012591348,576,0.405492918,0.380310222,NA,"PPIB",0.612214989556306,0.219313419556306,"Q4"
"PPIB-41",0.459385140666667,0.617992053563768,0.00283896366457274,565,0.457787071,0.463373878,0.456994473,"PPIB",0.612214989556306,0.15282984888964,"Q4"
"PPIB-43",0.539273908,1.12631649888761,0.00607393099999998,543,0.545347839,0.533199977,NA,"PPIB",0.612214989556306,0.0729410815563063,"Q3"
"PPIB-45",0.6600254325,7.52373076169303,0.0496585365,521,0.610366896,0.709683969,NA,"PPIB",0.612214989556306,-0.0478104429436937,"Q2"
"PPIB-46",0.331515629333333,3.81148044597125,0.0126356533873785,510,0.338622237,0.342161329,0.313763322,"PPIB",0.612214989556306,0.280699360222973,"Q4"
"PPIB-47",0.128952239,3.55088599896276,0.004578947,499,0.124373292,0.133531186,NA,"PPIB",0.612214989556306,0.483262750556306,"Q4"
"PPIB-48",0.387908486666667,1.69724702968314,0.00658376526783883,488,0.384285014,0.382292452,0.397147994,"PPIB",0.612214989556306,0.22430650288964,"Q4"
"PPIB-49",0.510643834,5.02634237994201,0.0256667074389027,477,0.544403642,0.505312797,0.482215063,"PPIB",0.612214989556306,0.101571155556306,"Q3"
"PPIB-50",0.2496735085,2.2523472889796,0.00562351450000001,466,0.255297023,0.244049994,NA,"PPIB",0.612214989556306,0.362541481056306,"Q4"
"PPIB-51",0.6395143475,7.00661551615931,0.0448083115,455,0.594706036,0.684322659,NA,"PPIB",0.612214989556306,-0.0272993579436938,"Q2"
"PPIB-52",0.388083259,7.60987811638636,0.029532663,444,0.358550596,0.417615922,NA,"PPIB",0.612214989556306,0.224131730556306,"Q4"
"PPIB-55",0.732964268333333,3.20071833309067,0.0234601217115489,411,0.725852655,0.764584905,0.708455245,"PPIB",0.612214989556306,-0.120749278777027,"Q2"
"PPIB-58",0.598020346,7.91557937479511,0.0473367751650543,378,0.61996068,0.641823546,0.532276812,"PPIB",0.612214989556306,0.0141946435563062,"Q3"
"PPIB-59",0.8758749135,3.81046368443569,0.0333748955,367,0.909249809,0.842500018,NA,"PPIB",0.612214989556306,-0.263659923943694,"Q1"
"PPIB-60",0.959595447333333,9.91004898288805,0.095096378868297,356,1.023550267,1.030074456,0.825161619,"PPIB",0.612214989556306,-0.347380457777027,"Q1"
"PPIB-61",0.49588803,4.06167672720487,0.0201413687075047,345,0.478055036,0.52403992,0.485569134,"PPIB",0.612214989556306,0.116326959556306,"Q3"
"PPIB-62",0.464696872666667,9.73670479007264,0.0452461626602531,334,0.442960089,0.527684906,0.423445623,"PPIB",0.612214989556306,0.14751811688964,"Q4"
"PPIB-64",0.514081981333333,7.50941539936166,0.0386045514715889,312,0.474752869,0.566539567,0.500953508,"PPIB",0.612214989556306,0.0981330082229729,"Q3"
"PPIB-65",0.523665151,7.33209038561136,0.0383956021892682,301,0.534124743,0.564579489,0.472291221,"PPIB",0.612214989556306,0.0885498385563063,"Q3"
"PPIB-66",0.707157712,4.55667790255314,0.0322228991989044,290,0.718344912,0.663306985,0.739821239,"PPIB",0.612214989556306,-0.0949427224436936,"Q2"
"PPIB-67",0.880272379,7.41047310941796,0.0652323479354288,279,0.936433611,0.915574141,0.788809385,"PPIB",0.612214989556306,-0.268057389443694,"Q1"
"PPIB-68",0.771766757666667,5.01338392299511,0.0386916305518813,268,0.773915856,0.818043021,0.723341396,"PPIB",0.612214989556306,-0.15955176811036,"Q1"
"PPIB-70",0.873956062333333,6.25378799415048,0.0546553593003523,246,0.892082241,0.929965192,0.799820754,"PPIB",0.612214989556306,-0.261741072777027,"Q1"
"PPIB-72",0.605644235,0.779774779825984,0.00472266100000002,224,0.600921574,0.610366896,NA,"PPIB",0.612214989556306,0.00657075455630629,"Q2"
"PPIB-73",0.564315039,8.35402026567186,0.0471429927202941,213,0.501822347,0.575444471,0.615678299,"PPIB",0.612214989556306,0.0478999505563062,"Q3"
"PPIB-75",0.617952928,0.767838150111725,0.00474487833091644,191,0.616746113,0.624272847,0.612839824,"PPIB",0.612214989556306,-0.00573793844369364,"Q2"
"PPIB-76",0.5234097435,5.28033148851766,0.0276377695,180,0.495771974,0.551047513,NA,"PPIB",0.612214989556306,0.0888052460563062,"Q3"
"PPIB-77",0.675077948333333,9.77182319302172,0.0659674235262118,169,0.589575559,0.750148758,0.685509528,"PPIB",0.612214989556306,-0.062862958777027,"Q2"
"PPIB-78",0.596079422666667,3.40114589285573,0.0202735308021855,158,0.574448165,0.590598101,0.623192002,"PPIB",0.612214989556306,0.0161355668896396,"Q3"
"PPIB-79",0.8967372835,0.346572241077117,0.00310784250000001,147,0.893629441,0.899845126,NA,"PPIB",0.612214989556306,-0.284522293943694,"Q1"
"PPIB-80",0.829510482333333,4.86709191171263,0.0403730375924541,136,0.85426088,0.772575923,0.861694644,"PPIB",0.612214989556306,-0.217295492777027,"Q1"
"PPIB-81",0.82339802,3.03158963146402,0.024962049,125,0.848360069,0.798435971,NA,"PPIB",0.612214989556306,-0.211183030443694,"Q1"
"PPIB-82",0.880466867666667,3.88669460116634,0.0342210582106587,114,0.921942463,0.838131559,0.881326581,"PPIB",0.612214989556306,-0.26825187811036,"Q1"
"PPIB-83",0.8033080045,0.606496321797829,0.00487203350000004,103,0.808180038,0.798435971,NA,"PPIB",0.612214989556306,-0.191093014943694,"Q1"
"PPIB-85",1.0249934285,2.25234736712265,0.0230864125,81,1.001907016,1.048079841,NA,"PPIB",0.612214989556306,-0.412778438943694,"Q1"
"PPIB-86",0.889007883,0.51985568276451,0.00462155799999997,70,0.884386325,0.893629441,NA,"PPIB",0.612214989556306,-0.276792893443694,"Q1"
"PPIB-87",0.837696165333333,3.57496862233717,0.0299473750611884,59,0.803989532,0.832342162,0.876756802,"PPIB",0.612214989556306,-0.225481175777027,"Q1"
"PPIB-88",0.808495832,6.52471529257062,0.0527520511903001,48,0.803989532,0.746259151,0.875238813,"PPIB",0.612214989556306,-0.196280842443694,"Q1"
"PPIB-89",0.748934170333333,5.04371284371794,0.0377740889400947,37,0.704781824,0.744967102,0.797053585,"PPIB",0.612214989556306,-0.136719180777027,"Q2"
"PPIB-90",0.7795736915,4.93466235706083,0.0384693295,26,0.741104362,0.818043021,NA,"PPIB",0.612214989556306,-0.167358701943694,"Q1"
"PPIB-91",0.881169147,7.44367627313769,0.0655913787214488,15,0.855742485,0.816626688,0.971138268,"PPIB",0.612214989556306,-0.268954157443694,"Q1"
"PPIB-92",0.8742676085,5.45311916357016,0.0476748545,4,0.826592754,0.921942463,NA,"PPIB",0.612214989556306,-0.262052618943694,"Q1"
"MALAT1-0",0.7080861135,10.9595139659521,0.0776027965,96,0.630483317,0.78568891,NA,"MALAT1",0.808531153023148,0.100445039523148,"Q3"
"MALAT1-1",0.844496018,11.2162483873311,0.094720771,189,0.749775247,0.939216789,NA,"MALAT1",0.808531153023148,-0.0359648649768519,"Q2"
"MALAT1-2",0.8840870465,14.4541499624834,0.1277872675,282,0.756299779,1.011874314,NA,"MALAT1",0.808531153023148,-0.0755558934768518,"Q2"
"MALAT1-3",0.900298663,1.64607586449343,0.014819599,375,0.915118262,0.885479064,NA,"MALAT1",0.808531153023148,-0.0917675099768519,"Q2"
"MALAT1-4",0.742899857,15.1321256749145,0.11241654,468,0.630483317,0.855316397,NA,"MALAT1",0.808531153023148,0.0656312960231481,"Q3"
"MALAT1-5",0.583392519,4.93466235208958,0.028788451,561,0.554604068,0.61218097,NA,"MALAT1",0.808531153023148,0.225138634023148,"Q4"
"MALAT1-6",0.5531261005,10.1026945662999,0.0558806405,654,0.49724546,0.609006741,NA,"MALAT1",0.808531153023148,0.255405052523148,"Q4"
"MALAT1-8",0.5462279865,10.5312997359574,0.0575249065,840,0.48870308,0.603752893,NA,"MALAT1",0.808531153023148,0.262303166523148,"Q4"
"MALAT1-9",0.678705096,5.97128211337314,0.040527396,933,0.6381777,0.719232492,NA,"MALAT1",0.808531153023148,0.129826057023148,"Q3"
"MALAT1-10",0.5866179275,6.92039223434746,0.0405962615,1026,0.627214189,0.546021666,NA,"MALAT1",0.808531153023148,0.221913225523148,"Q4"
"MALAT1-11",0.6999442475,3.29125992281263,0.0230369845,1119,0.676907263,0.722981232,NA,"MALAT1",0.808531153023148,0.108586905523148,"Q3"
"MALAT1-12",0.846583711,8.4707053854477,0.071711612,1212,0.774872099,0.918295323,NA,"MALAT1",0.808531153023148,-0.0380525579768519,"Q2"
"MALAT1-13",0.873568926,6.40284004332819,0.055933221,1305,0.817635705,0.929502147,NA,"MALAT1",0.808531153023148,-0.0650377729768519,"Q2"
"MALAT1-14",1.1404350255,0.866412314517255,0.0098808695,1398,1.150315895,1.130554156,NA,"MALAT1",0.808531153023148,-0.331903872476852,"Q1"
"MALAT1-15",0.850882761,0.173286622738383,0.00147446600000001,1491,0.849408295,0.852357227,NA,"MALAT1",0.808531153023148,-0.0423516079768519,"Q2"
"MALAT1-16",0.7312324205,1.29957784058619,0.0095029345,1584,0.721729486,0.740735355,NA,"MALAT1",0.808531153023148,0.0772987325231481,"Q3"
"MALAT1-17",0.8858684105,5.10751224038596,0.0452458375,1677,0.931114248,0.840622573,NA,"MALAT1",0.808531153023148,-0.0773372574768518,"Q2"
"MALAT1-18",0.794549842,5.79859545173756,0.046072731,1770,0.748477111,0.840622573,NA,"MALAT1",0.808531153023148,0.0139813110231481,"Q3"
"MALAT1-20",0.40492023,5.79859544187259,0.023479686,1956,0.428399916,0.381440544,NA,"MALAT1",0.808531153023148,0.403610923023148,"Q4"
"MALAT1-22",0.52191125,3.89697846137634,0.020338769,2142,0.542250019,0.501572481,NA,"MALAT1",0.808531153023148,0.286619903023148,"Q4"
"MALAT1-23",0.746282709,5.28033150504094,0.039406201,2235,0.706876508,0.78568891,NA,"MALAT1",0.808531153023148,0.0622484440231482,"Q3"
"MALAT1-24",0.770711117333333,2.80777576879016,0.0216398399998572,2328,0.799422511,0.765529619,0.747181222,"MALAT1",0.808531153023148,0.0378200356898148,"Q3"
"MALAT1-26",0.697182371666667,8.90874881630189,0.0621102262833196,2514,0.76156026,0.716744137,0.613242718,"MALAT1",0.808531153023148,0.111348781356482,"Q3"
"MALAT1-27",0.8849914815,2.51212988652931,0.0222321355,2607,0.862759346,0.907223617,NA,"MALAT1",0.808531153023148,-0.0764603284768518,"Q2"
"MALAT1-30",0.774422398666667,8.16557974007004,0.0632360784880898,2886,0.831927725,0.804982934,0.686356537,"MALAT1",0.808531153023148,0.0341087543564815,"Q3"
"MALAT1-33",0.793577954333333,6.22907704727102,0.0494325822055806,3165,0.861265593,0.744596171,0.774872099,"MALAT1",0.808531153023148,0.0149531986898148,"Q3"
"MALAT1-34",0.8583761705,6.05761206881034,0.0519970985,3258,0.806379072,0.910373269,NA,"MALAT1",0.808531153023148,-0.0498450174768519,"Q2"
"MALAT1-35",0.7531495095,6.14393303272807,0.0462730015,3351,0.706876508,0.799422511,NA,"MALAT1",0.808531153023148,0.0553816435231481,"Q3"
"MALAT1-36",0.7605339465,2.77187844106311,0.0210810765,3444,0.73945287,0.781615023,NA,"MALAT1",0.808531153023148,0.0479972065231481,"Q3"
"MALAT1-37",1.108647281,2.68529959981023,0.029770501,3537,1.138417782,1.07887678,NA,"MALAT1",0.808531153023148,-0.300116127976852,"Q1"
"MALAT1-38",0.500027667,9.17969130623992,0.0459009962763933,3630,0.531090675,0.435133532,0.533858794,"MALAT1",0.808531153023148,0.308503486023148,"Q4"
"MALAT1-39",0.604021850333333,9.36548948887567,0.0565696029034807,3723,0.530171162,0.667588081,0.614306308,"MALAT1",0.808531153023148,0.204509302689815,"Q4"
"MALAT1-40",0.631298990666667,7.08652900471952,0.0447371860800949,3816,0.590304033,0.610062984,0.693529955,"MALAT1",0.808531153023148,0.177232162356481,"Q4"
"MALAT1-42",1.069067707,10.8168202297032,0.115639132,4002,0.953428575,1.184706839,NA,"MALAT1",0.808531153023148,-0.260536553976852,"Q1"
"MALAT1-43",1.0622931385,6.05761208162035,0.0643495975,4095,0.997943541,1.126642736,NA,"MALAT1",0.808531153023148,-0.253761985476852,"Q1"
"MALAT1-44",0.868066166666667,8.90658497125606,0.0773150507408919,4188,0.97740616,0.81339617,0.81339617,"MALAT1",0.808531153023148,-0.0595350136435184,"Q2"
"MALAT1-45",1.21522994466667,9.07867477939984,0.110326774498167,4281,1.360870798,1.093937339,1.190881697,"MALAT1",0.808531153023148,-0.406698791643519,"Q1"
"MALAT1-46",0.973278105666667,6.60525415442647,0.0642874925086708,4374,1.064023565,0.923081607,0.932729145,"MALAT1",0.808531153023148,-0.164746952643519,"Q1"
"MALAT1-47",1.0739511215,5.45311917158792,0.0585638345,4467,1.015387287,1.132514956,NA,"MALAT1",0.808531153023148,-0.265419968476852,"Q1"
"MALAT1-48",0.874390247333333,5.05636596093664,0.0442123708319123,4560,0.829049474,0.934346842,0.859774426,"MALAT1",0.808531153023148,-0.0658590943101852,"Q2"
"MALAT1-49",0.6318630325,9.75953954071526,0.0616669225,4653,0.57019611,0.693529955,NA,"MALAT1",0.808531153023148,0.176668120523148,"Q4"
"MALAT1-51",0.6157097045,6.74791483654453,0.0415475665,4839,0.574162138,0.657257271,NA,"MALAT1",0.808531153023148,0.192821448523148,"Q4"
"MALAT1-52",0.5930467075,11.9855403631931,0.0710798525,4932,0.521966855,0.66412656,NA,"MALAT1",0.808531153023148,0.215484445523148,"Q4"
"MALAT1-53",0.80156059,4.32946173164526,0.034703259,5025,0.766857331,0.836263849,NA,"MALAT1",0.808531153023148,0.00697056302314814,"Q2"
"MALAT1-54",0.661525988,2.85845323434218,0.018909411,5118,0.680435399,0.642616577,NA,"MALAT1",0.808531153023148,0.147005165023148,"Q4"
"MALAT1-56",0.912921269333333,3.11054860950634,0.0283968598491357,5304,0.877840114,0.947389838,0.913533856,"MALAT1",0.808531153023148,-0.104390116310185,"Q2"
"MALAT1-57",0.9135653925,4.24297754908661,0.0387623745,5397,0.874803018,0.952327767,NA,"MALAT1",0.808531153023148,-0.105034239476852,"Q2"
"MALAT1-58",0.635513149,4.50241053942379,0.028613411,5490,0.606899738,0.66412656,NA,"MALAT1",0.808531153023148,0.173018004023148,"Q4"
"MALAT1-59",0.6743659505,3.37780703238515,0.0227787805,5583,0.65158717,0.697144731,NA,"MALAT1",0.808531153023148,0.134165202523148,"Q3"
"MALAT1-60",0.81242845,5.77790187481019,0.0469413186440414,5676,0.749775247,0.824750757,0.862759346,"MALAT1",0.808531153023148,-0.00389729697685182,"Q2"
"MALAT1-61",0.737538084333333,2.41931207985061,0.0178433479677751,5769,0.744596171,0.713027736,0.754990346,"MALAT1",0.808531153023148,0.0709930686898148,"Q3"
"MALAT1-63",0.943021077666667,7.72107356300861,0.0728113511213199,5955,0.885479064,1.045744277,0.897839892,"MALAT1",0.808531153023148,-0.134489924643518,"Q2"
"MALAT1-64",0.954863553333333,2.62587021410664,0.0250734776323403,6048,0.919887987,0.97740616,0.967296513,"MALAT1",0.808531153023148,-0.146332400310185,"Q1"
"MALAT1-65",0.808561300333333,4.43894798898046,0.0358916155808207,6141,0.792525962,0.774872099,0.85828584,"MALAT1",0.808531153023148,-3.01473101852467e-05,"Q2"
"MALAT1-66",0.686186009333333,9.40663791640039,0.0645470333309841,6234,0.614306308,0.673397422,0.770854298,"MALAT1",0.808531153023148,0.122345143689815,"Q3"
"MALAT1-67",0.930366863,1.12631655497817,0.010478876,6327,0.919887987,0.940845739,NA,"MALAT1",0.808531153023148,-0.121835709976852,"Q2"
"MALAT1-68",0.6597926215,2.77187845150827,0.0182886495,6420,0.678081271,0.641503972,NA,"MALAT1",0.808531153023148,0.148738531523148,"Q4"
"MALAT1-69",0.8575582865,0.606496325891429,0.00520105949999999,6513,0.852357227,0.862759346,NA,"MALAT1",0.808531153023148,-0.0490271334768518,"Q2"
"MALAT1-70",0.728368732333333,5.67110617046554,0.0413065641230973,6606,0.766857331,0.671067644,0.747181222,"MALAT1",0.808531153023148,0.0801624206898148,"Q3"
"MALAT1-71",0.717190525,5.45311916941457,0.039109254,6699,0.678081271,0.756299779,NA,"MALAT1",0.808531153023148,0.0913406280231481,"Q3"
"MALAT1-72",0.85181883,2.16574620685481,0.018448234,6792,0.870267064,0.833370596,NA,"MALAT1",0.808531153023148,-0.0432876769768519,"Q2"
"MALAT1-73",0.702395146333333,6.70412603417072,0.0470894558680845,6885,0.749775247,0.719232492,0.6381777,"MALAT1",0.808531153023148,0.106136006689815,"Q3"
"MALAT1-77",0.963153737333333,5.43527551394538,0.0523500592469285,7257,0.965621767,0.897839892,1.025999553,"MALAT1",0.808531153023148,-0.154622584310185,"Q1"
"MALAT1-79",1.00172735433333,9.3904054006384,0.0940662595809895,7443,0.984204558,0.896285401,1.124692104,"MALAT1",0.808531153023148,-0.193196201310185,"Q1"
"MALAT1-80",1.20253819066667,7.56792697107782,0.0910072120689739,7536,1.109208135,1.17245301,1.325953427,"MALAT1",0.808531153023148,-0.394007037643519,"Q1"
"MALAT1-82",1.04007269066667,6.46823258559822,0.0672743206916095,7722,1.128596752,1.025999553,0.965621767,"MALAT1",0.808531153023148,-0.231541537643518,"Q1"
"MALAT1-83",1.0635029375,6.48912344917713,0.0690120185,7815,0.994490919,1.132514956,NA,"MALAT1",0.808531153023148,-0.254971784476852,"Q1"
"MALAT1-85",0.884640250333333,5.25541181840611,0.0464914882663954,8001,0.870267064,0.947389838,0.836263849,"MALAT1",0.808531153023148,-0.0761090973101851,"Q2"
"MALAT1-86",0.891960783,9.99039805732739,0.0891104327369542,8094,0.883945975,1.004884788,0.787051586,"MALAT1",0.808531153023148,-0.0834296299768519,"Q2"
"MALAT1-88",0.871225766,2.16574620911751,0.018868539,8280,0.852357227,0.890094305,NA,"MALAT1",0.808531153023148,-0.0626946129768519,"Q2"
"MALAT1-89",0.8198852325,4.50241058586209,0.0369145995,8373,0.782970633,0.856799832,NA,"MALAT1",0.808531153023148,-0.0113540794768519,"Q2"
"MALAT1-91",0.848040781,1.55945472155307,0.013224812,8559,0.834815969,0.861265593,NA,"MALAT1",0.808531153023148,-0.0395096279768519,"Q2"
"CLUC-0",0.3515870995,6.46209133734157,0.0227198795,1660,0.32886722,0.374306979,NA,"CLUC",0.713064941942982,0.361477842442982,"Q4"
"CLUC-1",0.485295010333333,9.31677476171151,0.0452138430425813,1641,0.522411084,0.421645564,0.511828383,"CLUC",0.713064941942982,0.227769931609649,"Q4"
"CLUC-4",0.734629414333333,7.92934625195366,0.0582513099311893,1586,0.813105438,0.717092968,0.673689837,"CLUC",0.713064941942982,-0.0215644723903509,"Q2"
"CLUC-5",0.935937146,6.48075378375683,0.0606557820029807,1568,0.864110481,0.931237876,1.012463081,"CLUC",0.713064941942982,-0.222872204057018,"Q1"
"CLUC-6",0.428044427,6.07857207308063,0.026018989,1550,0.402025438,0.454063416,NA,"CLUC",0.713064941942982,0.285020514942982,"Q4"
"CLUC-8",0.674718962,5.46758852987229,0.0368908565751854,1513,0.704305198,0.697140007,0.622711681,"CLUC",0.713064941942982,0.0383459799429824,"Q3"
"CLUC-9",0.8456934685,5.19489828600941,0.0439329155,1495,0.801760553,0.889626384,NA,"CLUC",0.713064941942982,-0.132628526557018,"Q2"
"CLUC-10",1.027796058,6.64515246004341,0.0682986150324162,1476,1.120577039,0.958150065,1.00466107,"CLUC",0.713064941942982,-0.314731116057018,"Q1"
"CLUC-11",0.3907451375,10.2147898129634,0.0399137945,1458,0.350831343,0.430658932,NA,"CLUC",0.713064941942982,0.322319804442982,"Q4"
"CLUC-12",0.505122959,7.92361805910311,0.040024014,1440,0.465098945,0.545146973,NA,"CLUC",0.713064941942982,0.207941982942982,"Q4"
"CLUC-13",0.499930250666667,9.17061469731006,0.0458466770439363,1421,0.536408586,0.528111714,0.435270452,"CLUC",0.713064941942982,0.213134691276316,"Q4"
"CLUC-14",0.556276417666667,4.36085102612692,0.0242583858679189,1403,0.569573846,0.577015433,0.522239974,"CLUC",0.713064941942982,0.156788524276316,"Q4"
"CLUC-16",0.804586039666667,5.05400961578253,0.0406638558119972,1366,0.827992375,0.838373875,0.747391869,"CLUC",0.713064941942982,-0.0915210977236843,"Q2"
"CLUC-17",0.859863352,0.932827539022709,0.00802104214541977,1348,0.862266687,0.868262396,0.849060973,"CLUC",0.713064941942982,-0.146798410057018,"Q1"
"CLUC-19",0.837378875333333,6.14356786746054,0.0514449395138811,1311,0.849883406,0.893195928,0.769057292,"CLUC",0.713064941942982,-0.124313933390351,"Q2"
"CLUC-20",0.949069205333333,6.08616033852662,0.0577618735601671,1293,0.927062901,1.028200494,0.891944221,"CLUC",0.713064941942982,-0.236004263390351,"Q1"
"CLUC-21",0.517887401333333,4.11536713881354,0.0213129679305274,1275,0.521620993,0.541922519,0.490118692,"CLUC",0.713064941942982,0.195177540609649,"Q4"
"CLUC-22",0.277595781666667,5.40177850502623,0.0149951092649295,1256,0.29761845,0.261534694,0.273634201,"CLUC",0.713064941942982,0.435469160276316,"Q4"
"CLUC-23",0.556160200666667,6.54597420060863,0.0364061032496932,1238,0.601928807,0.553697272,0.512854523,"CLUC",0.713064941942982,0.156904741276316,"Q4"
"CLUC-24",0.605888800333333,2.48362346117312,0.015047996393699,1220,0.611913434,0.585200479,0.620552488,"CLUC",0.713064941942982,0.107176141609649,"Q3"
"CLUC-26",0.913238119666667,4.94189744414442,0.0451312912947595,1183,0.859999559,0.97034497,0.90936983,"CLUC",0.713064941942982,-0.200173177723684,"Q1"
"CLUC-27",0.772953331,8.79144921611531,0.0679537995591367,1165,0.868996818,0.727815121,0.722048054,"CLUC",0.713064941942982,-0.0598883890570177,"Q2"
"CLUC-29",0.643131145333333,6.77983234013312,0.0436032133807778,1128,0.582176772,0.665528505,0.681688159,"CLUC",0.713064941942982,0.069933796609649,"Q3"
"CLUC-30",0.413592911,4.6717133354914,0.0193218751778341,1110,0.412792181,0.437647481,0.390339071,"CLUC",0.713064941942982,0.299472030942982,"Q4"
"CLUC-31",0.477270531333333,3.59308827444996,0.017148751498743,1091,0.46575711,0.501512381,0.464542103,"CLUC",0.713064941942982,0.235794410609649,"Q4"
"CLUC-32",0.563365151,3.07813590885632,0.0173411450109136,1073,0.55908029,0.544595792,0.586419371,"CLUC",0.713064941942982,0.149699790942982,"Q4"
"CLUC-33",0.611792491666667,1.89113211227981,0.0115698042704251,1055,0.616072311,0.623329311,0.595975853,"CLUC",0.713064941942982,0.101272450276316,"Q3"
"CLUC-34",0.822723374666667,1.86167331158639,0.0153164214943523,1036,0.844352602,0.812919476,0.810898046,"CLUC",0.713064941942982,-0.109658432723684,"Q2"
"CLUC-35",1.164392441,4.52554466557208,0.0526951,1018,1.111697341,1.217087541,NA,"CLUC",0.713064941942982,-0.451327499057018,"Q1"
"CLUC-36",0.765410907666667,1.01377021573563,0.0077595078099164,1000,0.774223508,0.755341702,0.766667513,"CLUC",0.713064941942982,-0.0523459657236843,"Q2"
"CLUC-37",0.745615812666667,6.60161166352376,0.0492226604540802,981,0.810622212,0.734674883,0.691550343,"CLUC",0.713064941942982,-0.0325508707236842,"Q2"
"CLUC-38",0.763927238,4.94032304569119,0.0377404733912262,963,0.808529183,0.716238968,0.767013563,"CLUC",0.713064941942982,-0.0508622960570175,"Q2"
"CLUC-39",1.06944916266667,7.64603234795004,0.0817704289223742,945,1.148762948,1.102672975,0.956911565,"CLUC",0.713064941942982,-0.356384220723684,"Q1"
"CLUC-40",1.034460078,3.34737265619825,0.034627233790259,926,1.002643995,1.018128848,1.082607391,"CLUC",0.713064941942982,-0.321395136057017,"Q1"
"CLUC-41",0.878122521333333,1.24281129640801,0.0109134058914335,908,0.867024529,0.874382838,0.892960197,"CLUC",0.713064941942982,-0.165057579390351,"Q1"
"CLUC-42",0.875023425333333,8.3339956364093,0.0729244140848392,890,0.969587894,0.863380021,0.792102361,"CLUC",0.713064941942982,-0.161958483390351,"Q1"
"CLUC-43",1.01036885766667,6.80371998539235,0.0687426678952474,871,1.102173582,0.992165792,0.936767199,"CLUC",0.713064941942982,-0.297303915723684,"Q1"
"CLUC-44",0.684429407666667,3.61932230868502,0.0247717062388804,853,0.717645162,0.677464735,0.658178326,"CLUC",0.713064941942982,0.0286355342763157,"Q3"
"CLUC-45",0.824035429,4.69391601145244,0.0386795309418718,835,0.871006123,0.776270984,0.82482918,"CLUC",0.713064941942982,-0.110970487057018,"Q2"
"CLUC-46",1.12837799366667,6.7230630684544,0.0758615641647704,817,1.215244263,1.139471493,1.030418225,"CLUC",0.713064941942982,-0.415313051723684,"Q1"
"CLUC-47",1.01088167166667,2.85489176670703,0.0288595776155621,798,1.041253615,1.019306537,0.972084863,"CLUC",0.713064941942982,-0.297816729723684,"Q1"
"CLUC-48",0.778360866666667,6.50428247704442,0.0506267894587711,780,0.710016028,0.83100881,0.794057762,"CLUC",0.713064941942982,-0.0652959247236842,"Q2"
"CLUC-50",0.846103275,0.515360610086277,0.00436048299999997,743,0.850463758,0.841742792,NA,"CLUC",0.713064941942982,-0.133038333057018,"Q2"
"CLUC-51",0.642572277,6.05917856676107,0.0389346016839326,725,0.611720249,0.697494735,0.618501847,"CLUC",0.713064941942982,0.0704926649429823,"Q3"
"CLUC-52",0.412915647,0.876773507204972,0.003620335,707,0.409295312,0.416535982,NA,"CLUC",0.713064941942982,0.300149294942982,"Q4"
"CLUC-53",0.607799719,5.45372285431197,0.0331477121835469,688,0.620357719,0.562407055,0.640634383,"CLUC",0.713064941942982,0.105265222942982,"Q3"
"CLUC-54",0.6970554995,0.095379134154584,0.000664845500000011,670,0.696390654,0.697720345,NA,"CLUC",0.713064941942982,0.0160094424429824,"Q3"
"CLUC-56",0.81190775,2.21440922119158,0.0179789600835691,633,0.829098373,0.819536691,0.787088186,"CLUC",0.713064941942982,-0.0988428080570176,"Q2"
"CLUC-57",0.621206872333333,4.48599828630015,0.0278673296472521,615,0.60145969,0.601543729,0.660617198,"CLUC",0.713064941942982,0.0918580696096492,"Q3"
"CLUC-58",0.444154939,5.25411358760101,0.023336405,597,0.420818534,0.467491344,NA,"CLUC",0.713064941942982,0.268910002942982,"Q4"
"CLUC-59",0.482212791,5.88398684565168,0.0283733371904898,578,0.520324241,0.452284742,0.47402939,"CLUC",0.713064941942982,0.230852150942982,"Q4"
"CLUC-60",0.542901389666667,1.29516222146012,0.00703145369874466,560,0.546865479,0.533021465,0.548817225,"CLUC",0.713064941942982,0.170163552276316,"Q4"
"CLUC-61",0.609334350666667,3.16187277652389,0.019266376951738,542,0.622048291,0.623847376,0.582107385,"CLUC",0.713064941942982,0.103730591276316,"Q3"
"CLUC-62",0.667787655,6.10964604307974,0.0407994620398825,523,0.725466425,0.637620199,0.640276341,"CLUC",0.713064941942982,0.0452772869429824,"Q3"
"CLUC-63",0.938570816666667,3.00670569407871,0.0282200621876777,505,0.976256298,0.90835217,0.931103982,"CLUC",0.713064941942982,-0.225505874723684,"Q1"
"CLUC-64",0.380620630666667,8.76021327606309,0.0333431790190964,487,0.412989039,0.394132655,0.334740198,"CLUC",0.713064941942982,0.332444311276316,"Q4"
"CLUC-65",0.741545732,7.55460385557094,0.0560208424604938,468,0.726010193,0.816592677,0.682034326,"CLUC",0.713064941942982,-0.0284807900570176,"Q2"
"CLUC-66",0.811694623,2.35085158608498,0.019081735918962,450,0.829889835,0.819855918,0.785338116,"CLUC",0.713064941942982,-0.0986296810570176,"Q2"
"CLUC-67",0.681026254333333,6.75593439569996,0.0460096869602527,432,0.7116407,0.715442303,0.61599576,"CLUC",0.713064941942982,0.0320386876096491,"Q3"
"CLUC-68",1.167758495,8.04137554829317,0.0939038460800464,413,1.069550187,1.294278698,1.1394466,"CLUC",0.713064941942982,-0.454693553057018,"Q1"
"CLUC-69",0.511783933,0.444980219429323,0.00227733726806742,395,0.515004565,0.510180302,0.510166932,"CLUC",0.713064941942982,0.201281008942982,"Q4"
"CLUC-70",0.543204037,6.95699249437394,0.0377906640832262,377,0.511646199,0.596336384,0.521629528,"CLUC",0.713064941942982,0.169860904942982,"Q4"
"CLUC-71",0.779573126,6.66769640775993,0.0519795693181638,358,0.84686654,0.771548885,0.720303953,"CLUC",0.713064941942982,-0.0665081840570175,"Q2"
"CLUC-72",0.895544967666667,3.65691334607196,0.0327493034426781,340,0.929445864,0.905922568,0.851266471,"CLUC",0.713064941942982,-0.182480025723684,"Q1"
"CLUC-73",0.395913344333333,5.82962415167612,0.0230802599409646,322,0.374425397,0.42793521,0.385379426,"CLUC",0.713064941942982,0.317151597609649,"Q4"
"CLUC-74",0.713640863333333,8.36701936077953,0.0597104692015342,303,0.783739234,0.719367578,0.637815778,"CLUC",0.713064941942982,-0.000575921390350786,"Q2"
"CLUC-76",0.7745891365,0.474945274422911,0.00367887449999998,267,0.778268011,0.770910262,NA,"CLUC",0.713064941942982,-0.0615241945570175,"Q2"
"CLUC-77",0.9224879205,0.9129786214908,0.00842211750000005,248,0.914065803,0.930910038,NA,"CLUC",0.713064941942982,-0.209422978557018,"Q1"
"CLUC-79",0.629597695333333,4.52774930021708,0.0285066052446379,212,0.622144404,0.667635799,0.599012883,"CLUC",0.713064941942982,0.083467246609649,"Q3"
"CLUC-81",0.604537329,5.59811310808811,0.0338426834580347,175,0.626395997,0.630481289,0.556734701,"CLUC",0.713064941942982,0.108527612942983,"Q3"
"CLUC-82",0.4403352535,5.98869072834751,0.0263703165,157,0.413964937,0.46670557,NA,"CLUC",0.713064941942982,0.272729688442982,"Q4"
"CLUC-83",0.697598236,4.65278997271356,0.0324577807744347,138,0.699858937,0.736172145,0.656763626,"CLUC",0.713064941942982,0.0154667059429824,"Q3"
"CLUC-84",0.935857987,5.51856658852347,0.0516459461866103,120,0.990755008,0.950131095,0.866687858,"CLUC",0.713064941942982,-0.222793045057018,"Q1"
"CLUC-86",0.5768084165,1.85257586302922,0.0106858135,83,0.58749423,0.566122603,NA,"CLUC",0.713064941942982,0.136256525442982,"Q3"
"CLUC-87",0.951312020333333,2.57749679571773,0.0245200368413693,65,0.983541235,0.946279227,0.924115599,"CLUC",0.713064941942982,-0.238247078390351,"Q1"
"CLUC-88",0.917853729333333,2.84013006244386,0.0260682396960581,47,0.945834237,0.924651647,0.883075304,"CLUC",0.713064941942982,-0.204788787390351,"Q1"
"GLUC-0",0.216281099333333,8.1082368425226,0.0175365837795582,556,0.210340254,0.240104038,0.198399006,"GLUC",0.55502007871347,0.338738979380137,"Q4"
"GLUC-1",0.229182389666667,9.56026445248507,0.0219104425306581,553,0.24147112,0.19840387,0.247672179,"GLUC",0.55502007871347,0.325837689046804,"Q4"
"GLUC-2",0.1980922925,3.96799512025436,0.00786029249999999,550,0.205952585,0.190232,NA,"GLUC",0.55502007871347,0.35692778621347,"Q4"
"GLUC-4",0.2543916995,0.741463461153538,0.00188622150000001,544,0.252505478,0.256277921,NA,"GLUC",0.55502007871347,0.30062837921347,"Q4"
"GLUC-5",0.3069077025,4.44373190666337,0.0136381555,541,0.293269547,0.320545858,NA,"GLUC",0.55502007871347,0.24811237621347,"Q4"
"GLUC-6",0.4403245525,0.992910223874017,0.00437202750000001,538,0.435952525,0.44469658,NA,"GLUC",0.55502007871347,0.11469552621347,"Q3"
"GLUC-7",0.597495181333333,5.6758975673688,0.0339132144624444,536,0.565136217,0.58301798,0.644331347,"GLUC",0.55502007871347,-0.0424751026198631,"Q2"
"GLUC-9",0.377569713666667,4.98042356844029,0.0188045710067472,530,0.374753744,0.356076376,0.401879021,"GLUC",0.55502007871347,0.177450365046804,"Q4"
"GLUC-10",0.659365149333333,1.24597144696094,0.0082155014919047,527,0.666223203,0.647814114,0.664058131,"GLUC",0.55502007871347,-0.104345070619863,"Q2"
"GLUC-12",0.61229859,5.72496609539503,0.0350538866800818,521,0.563284515,0.63037307,0.643238185,"GLUC",0.55502007871347,-0.0572785112865296,"Q2"
"GLUC-13",0.300186060666667,7.26650902327792,0.0218130471849659,518,0.330963308,0.282985166,0.286609708,"GLUC",0.55502007871347,0.254834018046804,"Q4"
"GLUC-14",0.509784861,5.02665721169833,0.0256251374796028,516,0.509952977,0.478316885,0.541084721,"GLUC",0.55502007871347,0.0452352177134704,"Q3"
"GLUC-15",0.439829354,4.56265608523322,0.020067900784923,513,0.411669182,0.450854199,0.456964681,"GLUC",0.55502007871347,0.11519072471347,"Q3"
"GLUC-16",0.709725317,4.30609190953827,0.0305614244552818,510,0.699006755,0.67882394,0.751345256,"GLUC",0.55502007871347,-0.15470523828653,"Q1"
"GLUC-17",0.838274416,5.04100468954356,0.0422574526218039,507,0.782765338,0.846856184,0.885201726,"GLUC",0.55502007871347,-0.28325433728653,"Q1"
"GLUC-19",0.618109039333333,4.38072497937222,0.027077657085833,501,0.655630306,0.592721553,0.605975259,"GLUC",0.55502007871347,-0.063088960619863,"Q2"
"GLUC-20",0.58014015,2.14905390943099,0.0124675245737538,499,0.581673119,0.59458538,0.564161951,"GLUC",0.55502007871347,-0.0251200712865296,"Q2"
"GLUC-21",0.554247096,1.92045600881347,0.0106440716588062,496,0.546037515,0.569278756,0.547425017,"GLUC",0.55502007871347,0.000772982713470372,"Q2"
"GLUC-22",0.485680441666667,5.61661599270889,0.0272788053601092,493,0.506869414,0.503004953,0.447166958,"GLUC",0.55502007871347,0.0693396370468037,"Q3"
"GLUC-24",0.742901435666667,6.46333709516737,0.0480162240719746,487,0.679017556,0.794780128,0.754906623,"GLUC",0.55502007871347,-0.187881356953196,"Q1"
"GLUC-25",0.488899522,1.86560031040488,0.00912091099999998,484,0.479778611,0.498020433,NA,"GLUC",0.55502007871347,0.0661205567134704,"Q3"
"GLUC-26",0.7863776,4.18711081522136,0.0329265015380781,481,0.808505844,0.739831266,0.81079569,"GLUC",0.55502007871347,-0.23135752128653,"Q1"
"GLUC-28",0.803572184,2.18683515112145,0.0175727989843463,476,0.786548514,0.796404386,0.827763652,"GLUC",0.55502007871347,-0.24855210528653,"Q1"
"GLUC-30",0.757598227333333,6.3236477304008,0.047907843108321,470,0.748263796,0.820380789,0.704150097,"GLUC",0.55502007871347,-0.202578148619863,"Q1"
"GLUC-32",0.749681829666667,5.25778999046281,0.0394166962005324,464,0.78816888,0.695515903,0.765360706,"GLUC",0.55502007871347,-0.194661750953196,"Q1"
"GLUC-33",0.585140136666667,1.38254188213985,0.00808980745862702,461,0.573730543,0.591575246,0.590114621,"GLUC",0.55502007871347,-0.0301200579531964,"Q2"
"GLUC-35",0.509185613666667,8.09398363322625,0.0412134002329226,456,0.451825887,0.528909314,0.54682164,"GLUC",0.55502007871347,0.0458344650468037,"Q3"
"GLUC-36",0.508896192,6.85017911678257,0.0348603006704857,453,0.551999691,0.466621819,0.508067066,"GLUC",0.55502007871347,0.0461238867134703,"Q3"
"GLUC-37",0.750045751,3.14331600683517,0.0235763081497701,450,0.762616923,0.770504093,0.717016237,"GLUC",0.55502007871347,-0.19502567228653,"Q1"
"GLUC-38",0.634358589333333,7.65118781477562,0.0485359670890545,447,0.571519743,0.641860034,0.689695991,"GLUC",0.55502007871347,-0.079338510619863,"Q2"
"GLUC-39",0.356603429333333,8.1917625462044,0.0292121061626085,444,0.323775577,0.351297093,0.394737618,"GLUC",0.55502007871347,0.198416649380137,"Q4"
"GLUC-40",0.306991628,2.60093314336246,0.00798464699999998,442,0.299006981,0.314976275,NA,"GLUC",0.55502007871347,0.24802845071347,"Q4"
"GLUC-41",0.3657901495,2.55352379301838,0.0093405385,439,0.356449611,0.375130688,NA,"GLUC",0.55502007871347,0.18922992921347,"Q4"
"GLUC-42",0.593475296333333,4.95721656992962,0.0294198557282749,436,0.552411068,0.619802989,0.608211832,"GLUC",0.55502007871347,-0.0384552176198629,"Q2"
"GLUC-43",0.767316764,7.93611367153625,0.0608951306117935,433,0.700995346,0.848052966,0.75290198,"GLUC",0.55502007871347,-0.21229668528653,"Q1"
"GLUC-45",0.6686721105,3.45451696538195,0.0230993915,427,0.691771502,0.645572719,NA,"GLUC",0.55502007871347,-0.11365203178653,"Q2"
"GLUC-46",0.782454551333333,1.89878275140776,0.0148571120583223,424,0.795749739,0.789896995,0.76171692,"GLUC",0.55502007871347,-0.227434472619863,"Q1"
"GLUC-47",0.7281946915,3.57310878583904,0.0260191885,422,0.702175503,0.75421388,NA,"GLUC",0.55502007871347,-0.17317461278653,"Q1"
"GLUC-49",0.511671060333333,3.6526885393275,0.0186897501798512,416,0.485508124,0.528006098,0.521498959,"GLUC",0.55502007871347,0.043349018380137,"Q3"
"GLUC-50",0.796608023666666,7.73648956522453,0.061629496626713,413,0.709579662,0.84422592,0.836018489,"GLUC",0.55502007871347,-0.241587944953196,"Q1"
"GLUC-51",0.261189122666667,4.49124660724555,0.0117306476102611,410,0.246114755,0.274725033,0.26272758,"GLUC",0.55502007871347,0.293830956046804,"Q4"
"GLUC-52",0.225074732,2.53242065395418,0.00569983900000001,407,0.230774571,0.219374893,NA,"GLUC",0.55502007871347,0.32994534671347,"Q4"
"GLUC-53",0.218283099,7.47133664026977,0.0163086651551033,405,0.201617533,0.212808166,0.240423598,"GLUC",0.55502007871347,0.33673697971347,"Q4"
"GLUC-54",0.3868646205,1.24901897044887,0.00483201250000001,402,0.382032608,0.391696633,NA,"GLUC",0.55502007871347,0.16815545821347,"Q4"
"GLUC-57",0.234769568666667,9.31889084989426,0.0218779198528142,393,0.255256067,0.204446663,0.244605976,"GLUC",0.55502007871347,0.320250510046804,"Q4"
"GLUC-58",0.3630843755,5.74084287468878,0.0208441035,390,0.342240272,0.383928479,NA,"GLUC",0.55502007871347,0.19193570321347,"Q4"
"GLUC-59",0.2880456145,11.5669841243148,0.0333181905,387,0.254727424,0.321363805,NA,"GLUC",0.55502007871347,0.26697446421347,"Q4"
"GLUC-60",0.5419061055,0.458043464505673,0.00248216549999997,385,0.53942394,0.544388271,NA,"GLUC",0.55502007871347,0.0131139732134703,"Q2"
"GLUC-61",0.227973395,2.01693973983236,0.004598086,382,0.232571481,0.223375309,NA,"GLUC",0.55502007871347,0.32704668371347,"Q4"
"GLUC-62",0.178164701666667,8.1450944438366,0.0145116832163297,379,0.168346215,0.16746685,0.19868104,"GLUC",0.55502007871347,0.376855377046804,"Q4"
"GLUC-63",0.250673876,7.66778186615305,0.019221126007111,376,0.223626559,0.266544769,0.2618503,"GLUC",0.55502007871347,0.30434620271347,"Q4"
"GLUC-64",0.562251203666667,6.45906779591578,0.0363161864281825,373,0.514901889,0.603154613,0.568697109,"GLUC",0.55502007871347,-0.00723112495319622,"Q2"
"GLUC-65",0.735751550666667,5.60423249832896,0.0412332275094206,370,0.714126351,0.793463315,0.699664986,"GLUC",0.55502007871347,-0.180731471953196,"Q1"
"GLUC-66",0.480247302,5.78260878904007,0.0277708226945798,367,0.441104191,0.502592039,0.497045676,"GLUC",0.55502007871347,0.0747727767134704,"Q3"
"GLUC-67",0.4252130205,7.88734231622618,0.0335380065,365,0.391675014,0.458751027,NA,"GLUC",0.55502007871347,0.12980705821347,"Q3"
"GLUC-68",0.472740442333333,6.99152121019328,0.0330517482948965,362,0.478141362,0.429831157,0.510248808,"GLUC",0.55502007871347,0.082279636380137,"Q3"
"GLUC-69",0.3680079135,5.09589272731768,0.0187532885,359,0.349254625,0.386761202,NA,"GLUC",0.55502007871347,0.18701216521347,"Q4"
"GLUC-70",0.492310821,6.20612233608016,0.0305534118250206,356,0.449843522,0.506640642,0.520448299,"GLUC",0.55502007871347,0.0627092577134704,"Q3"
"GLUC-71",0.463757534,8.25081403112607,0.0382637716856763,353,0.409724803,0.488220016,0.493327783,"GLUC",0.55502007871347,0.0912625447134704,"Q3"
"GLUC-73",0.38429235,3.12799513183127,0.012020646,348,0.396312996,0.372271704,NA,"GLUC",0.55502007871347,0.17072772871347,"Q4"
"GLUC-74",0.444368895,7.33545179399435,0.0325964660802304,345,0.443987392,0.404638659,0.484480634,"GLUC",0.55502007871347,0.11065118371347,"Q3"
"GLUC-76",0.327619996,1.74675125385729,0.00572270638801719,339,0.322210486,0.335537903,0.325111599,"GLUC",0.55502007871347,0.22740008271347,"Q4"
"GLUC-77",0.617414593,8.67365271115639,0.0535523975848197,336,0.551574232,0.617922213,0.682747334,"GLUC",0.55502007871347,-0.0623945142865296,"Q2"
"GLUC-78",0.30495552,8.58462760414916,0.0261792957502966,333,0.269177234,0.314600333,0.331088993,"GLUC",0.55502007871347,0.25006455871347,"Q4"
"GLUC-80",0.577973483,7.2872011646485,0.0421180903845355,328,0.565822644,0.533549713,0.634548092,"GLUC",0.55502007871347,-0.0229534042865296,"Q2"
"GLUC-81",0.515426506333333,5.87796411484432,0.0302965850806691,325,0.535983494,0.472592179,0.537703846,"GLUC",0.55502007871347,0.0395935723801371,"Q3"
"GLUC-82",0.731432975333333,4.3611559560809,0.0318989327684894,322,0.686597672,0.749530957,0.758170297,"GLUC",0.55502007871347,-0.176412896619863,"Q1"
"GLUC-83",0.647041155666667,4.76347229215584,0.0308216261690266,319,0.603543583,0.671225068,0.666354816,"GLUC",0.55502007871347,-0.0920210769531964,"Q2"
"GLUC-84",0.729441973333333,5.76289958093494,0.0420370084243902,316,0.670991132,0.749271146,0.768063642,"GLUC",0.55502007871347,-0.174421894619863,"Q1"
"GLUC-85",0.411307737,4.41545936686331,0.018161126,313,0.393146611,0.429468863,NA,"GLUC",0.55502007871347,0.14371234171347,"Q3"
"GLUC-87",0.5216240235,6.85786598937194,0.0357722765,308,0.485851747,0.5573963,NA,"GLUC",0.55502007871347,0.0333960552134703,"Q3"
"GLUC-88",0.818168695,9.16181523148348,0.0749591041177396,305,0.79846913,0.737811791,0.918225164,"GLUC",0.55502007871347,-0.26314861628653,"Q1"
"GLUC-90",0.6531031835,2.02756146877671,0.0132420685,299,0.666345252,0.639861115,NA,"GLUC",0.55502007871347,-0.0980831047865297,"Q2"
"GLUC-91",0.362873284666667,6.620504758463,0.0240240430785477,296,0.337904115,0.355404489,0.39531125,"GLUC",0.55502007871347,0.192146794046804,"Q4"
"GLUC-92",0.769695329,6.11182577760021,0.0470424375268068,293,0.710658956,0.772651957,0.825775074,"GLUC",0.55502007871347,-0.21467525028653,"Q1"
"GLUC-94",0.783130479666667,7.80153591781867,0.0610962056545806,288,0.7336325,0.746547732,0.869211207,"GLUC",0.55502007871347,-0.228110400953196,"Q1"
"GLUC-95",0.441273234666667,9.49574805259992,0.0419021945875047,285,0.382430873,0.464622083,0.476766748,"GLUC",0.55502007871347,0.113746844046804,"Q3"
"GLUC-96",0.805957189333333,6.56262369974158,0.0528919375169604,282,0.831267848,0.854259743,0.732343977,"GLUC",0.55502007871347,-0.250937110619863,"Q1"
"GLUC-97",0.831427467,2.57623616141907,0.0214195350608246,279,0.835025637,0.803580645,0.855676119,"GLUC",0.55502007871347,-0.27640738828653,"Q1"
"GLUC-98",0.711539725666667,7.61601973423428,0.0541910059236898,276,0.752728161,0.634975585,0.746915431,"GLUC",0.55502007871347,-0.156519646953196,"Q1"
"GLUC-99",0.668519287333333,8.93309934986908,0.0597194921105234,273,0.651014846,0.748824443,0.605718573,"GLUC",0.55502007871347,-0.113499208619863,"Q2"
"GLUC-102",0.570206662666667,5.14420237755964,0.0293325846979021,265,0.574682581,0.603683902,0.532253505,"GLUC",0.55502007871347,-0.0151865839531963,"Q2"
"GLUC-104",0.895928792666667,2.66925207964902,0.0239145979304294,259,0.928600752,0.887160461,0.872025165,"GLUC",0.55502007871347,-0.340908713953196,"Q1"
"GLUC-106",0.781660307333333,4.58608730011104,0.0358476240846229,254,0.744040007,0.829900255,0.77104066,"GLUC",0.55502007871347,-0.226640228619863,"Q1"
"GLUC-107",1.03761428733333,4.58967459122,0.0476231193006064,251,1.103942499,1.014567913,0.99433245,"GLUC",0.55502007871347,-0.482594208619863,"Q1"
"GLUC-108",0.620420612666667,7.10667469172,0.0440912746625962,248,0.561907179,0.668337295,0.631017364,"GLUC",0.55502007871347,-0.0654005339531962,"Q2"
"GLUC-110",0.214883110666667,5.39287610042788,0.0115883799189987,242,0.198651666,0.224958674,0.221038992,"GLUC",0.55502007871347,0.340136968046804,"Q4"
"GLUC-111",0.376383675,5.98656589110677,0.0225324567072442,239,0.347338859,0.402258017,0.379554149,"GLUC",0.55502007871347,0.17863640371347,"Q4"
"GLUC-112",0.233360139666667,1.16093592413189,0.0027091616939947,236,0.23708368,0.232279888,0.230716851,"GLUC",0.55502007871347,0.321659939046804,"Q4"
"GLUC-113",0.285781605666667,1.66098340050114,0.00474678503180895,234,0.279722189,0.291313424,0.286309204,"GLUC",0.55502007871347,0.269238473046804,"Q4"
"GLUC-114",0.219561384,9.16881928730493,0.0201311865236656,231,0.205526989,0.248030244,0.205126919,"GLUC",0.55502007871347,0.33545869471347,"Q4"
"GLUC-115",0.421552716666667,6.87924163254004,0.0289996299880369,228,0.382330075,0.451539783,0.430788292,"GLUC",0.55502007871347,0.133467362046804,"Q3"
"GLUC-117",0.191734025666667,5.65447749372665,0.0108415573291377,222,0.194128292,0.203652138,0.177421647,"GLUC",0.55502007871347,0.363286053046804,"Q4"
"GLUC-118",0.698285737666667,2.3619627002307,0.0164932486647175,219,0.717028473,0.676890507,0.700938233,"GLUC",0.55502007871347,-0.143265658953196,"Q1"
"GLUC-119",0.772291840333333,5.22250098136207,0.0403329489403875,217,0.719132431,0.816779031,0.780964059,"GLUC",0.55502007871347,-0.217271761619863,"Q1"
"GLUC-120",0.715068113,4.66542468502186,0.033360964258622,214,0.694679893,0.762108814,0.688415632,"GLUC",0.55502007871347,-0.16004803428653,"Q1"
"GLUC-122",0.497429355333333,1.86868735976933,0.00929539948689609,208,0.489791634,0.491982387,0.510514045,"GLUC",0.55502007871347,0.057590723380137,"Q3"
"GLUC-123",0.919672816333333,2.86850295032936,0.0263808418698988,205,0.930849268,0.944910528,0.883258653,"GLUC",0.55502007871347,-0.364652737619863,"Q1"
"GLUC-124",0.770348768,1.64990229464481,0.012710002,202,0.78305877,0.757638766,NA,"GLUC",0.55502007871347,-0.21532868928653,"Q1"
"GLUC-125",0.545325741,1.61566622658685,0.0088106438222215,199,0.548294086,0.533361451,0.554321686,"GLUC",0.55502007871347,0.00969433771347039,"Q2"
"GLUC-126",0.983200450666667,2.54806777488764,0.0250526138459874,197,0.961995444,1.018383657,0.969222251,"GLUC",0.55502007871347,-0.428180371953196,"Q1"
"GLUC-127",1.04402563166667,3.43024459180727,0.0358126327673275,194,0.99755743,1.084705267,1.049814198,"GLUC",0.55502007871347,-0.489005552953196,"Q1"
"GLUC-128",0.386965132333333,4.14486684767868,0.0160391894821603,191,0.36529018,0.392012036,0.403593181,"GLUC",0.55502007871347,0.168054946380137,"Q4"
"GLUC-129",0.352093035666667,4.40067671168371,0.0154944762240432,188,0.355865075,0.368900517,0.331513515,"GLUC",0.55502007871347,0.202927043046804,"Q4"
"GLUC-130",0.373182468,5.13889450577023,0.0191774533445497,185,0.396392301,0.373728264,0.349426839,"GLUC",0.55502007871347,0.18183761071347,"Q4"
"GLUC-131",0.5933163165,2.4814014195411,0.0147225595,182,0.608038876,0.578593757,NA,"GLUC",0.55502007871347,-0.0382962377865296,"Q2"
"GLUC-132",0.520091675,6.68233041352298,0.0347542441767261,179,0.561487839,0.476446819,0.522340367,"GLUC",0.55502007871347,0.0349284037134704,"Q3"
"GLUC-133",0.533026788666667,9.03653994160688,0.0481671786573278,177,0.594044057,0.476292492,0.528743817,"GLUC",0.55502007871347,0.0219932900468037,"Q3"
"GLUC-134",0.655860661,7.47722878372619,0.0490402021254288,174,0.615976613,0.626666556,0.724938814,"GLUC",0.55502007871347,-0.10084058228653,"Q2"
"GLUC-136",0.837466342,3.00836801461223,0.0251940695658711,168,0.802111527,0.851317589,0.85896991,"GLUC",0.55502007871347,-0.28244626328653,"Q1"
"GLUC-137",0.99626593,7.41928292177973,0.073915788,165,0.922350142,1.070181718,NA,"GLUC",0.55502007871347,-0.44124585128653,"Q1"
"GLUC-138",0.447911002333333,5.08357444896428,0.0227698892687171,162,0.479586767,0.427054531,0.437091709,"GLUC",0.55502007871347,0.107109076380137,"Q3"
"GLUC-139",0.83732086,0.0555047679093991,0.000464752999999984,160,0.836856107,0.837785613,NA,"GLUC",0.55502007871347,-0.28230078128653,"Q1"
"GLUC-140",0.721982966333333,1.12815296855741,0.00814507226716834,157,0.71555457,0.716919478,0.733474851,"GLUC",0.55502007871347,-0.166962887619863,"Q1"
"GLUC-141",0.591888708333333,2.45556313672254,0.0145342009322565,154,0.600412581,0.571428865,0.603824679,"GLUC",0.55502007871347,-0.0368686296198629,"Q2"
"GLUC-142",0.535677098666667,4.58136658392839,0.0245413315960718,151,0.552405783,0.553647691,0.500977822,"GLUC",0.55502007871347,0.0193429800468038,"Q3"
"GLUC-143",0.620828938,6.1578806390362,0.0382299049746361,148,0.614645447,0.670435324,0.577406043,"GLUC",0.55502007871347,-0.0658088592865296,"Q2"
"GLUC-145",0.692348391333333,8.22162645294069,0.0569222984883707,142,0.68410717,0.765818002,0.627120002,"GLUC",0.55502007871347,-0.137328312619863,"Q2"
"GLUC-146",0.711336662333333,2.23295610165376,0.0158838354048724,140,0.727824158,0.689880564,0.716305265,"GLUC",0.55502007871347,-0.156316583619863,"Q1"
"GLUC-149",0.555352522,2.31470327238381,0.012854763,131,0.568207285,0.542497759,NA,"GLUC",0.55502007871347,-0.000332443286529593,"Q2"
"GLUC-152",0.542640822666667,8.81896889549121,0.0478553253652109,123,0.48546319,0.602586249,0.539873029,"GLUC",0.55502007871347,0.0123792560468037,"Q2"
"GLUC-153",0.283182905333333,3.6565288075066,0.0103546645114475,120,0.294254227,0.285947726,0.269346763,"GLUC",0.55502007871347,0.271837173380137,"Q4"
"GLUC-155",0.309796804,5.23546137035035,0.016219292,114,0.293577512,0.326016096,NA,"GLUC",0.55502007871347,0.24522327471347,"Q4"
"GLUC-156",0.509342968666667,6.62523805506608,0.0337451841909073,111,0.492154737,0.556492625,0.479381544,"GLUC",0.55502007871347,0.0456771100468036,"Q3"
"GLUC-157",0.318192015333333,1.86761584959744,0.00594260451051884,108,0.309866767,0.321359902,0.323349377,"GLUC",0.55502007871347,0.236828063380137,"Q4"
"GLUC-158",0.427937922,5.08907294268723,0.021778073,105,0.406159849,0.449715995,NA,"GLUC",0.55502007871347,0.12708215671347,"Q3"
"GLUC-159",0.616700155,4.1582528870939,0.025643952,103,0.591056203,0.642344107,NA,"GLUC",0.55502007871347,-0.0616800762865296,"Q2"
"GLUC-161",0.537780326666667,9.59893979025331,0.0516212097605609,97,0.475882945,0.535207986,0.602250049,"GLUC",0.55502007871347,0.0172397520468037,"Q3"
"GLUC-162",0.403302239333333,8.73330106544379,0.0352215987646567,94,0.439299732,0.415119209,0.355487777,"GLUC",0.55502007871347,0.151717839380137,"Q4"
"GLUC-164",0.3757421885,3.06667812470038,0.0115228035,88,0.364219385,0.387264992,NA,"GLUC",0.55502007871347,0.17927789021347,"Q4"
"GLUC-165",0.621646700666667,3.53600427121425,0.0219814538874358,85,0.612821843,0.651873232,0.600245027,"GLUC",0.55502007871347,-0.0666266219531964,"Q2"
"GLUC-166",0.592105450333333,5.81800804619648,0.0344487427423612,83,0.584612163,0.554163225,0.637540963,"GLUC",0.55502007871347,-0.0370853716198629,"Q2"
"GLUC-167",0.502428645333333,9.92479554521991,0.0498650158099514,80,0.4543486,0.571145414,0.481791922,"GLUC",0.55502007871347,0.0525914333801371,"Q3"
"GLUC-168",0.4017039185,2.14399738298794,0.0086125215,77,0.393091397,0.41031644,NA,"GLUC",0.55502007871347,0.15331616021347,"Q4"
"GLUC-169",1.02914773133333,1.40000695794399,0.0144081398461894,74,1.012304803,1.027638004,1.047500387,"GLUC",0.55502007871347,-0.474127652619863,"Q1"
"GLUC-170",0.389057058,9.29605257321476,0.0361669486514826,71,0.364984197,0.440176033,0.362010944,"GLUC",0.55502007871347,0.16596302071347,"Q4"
"GLUC-171",0.407060871333333,2.594866517408,0.0105626862556979,68,0.396390414,0.42144936,0.40334284,"GLUC",0.55502007871347,0.147959207380137,"Q4"
"GLUC-172",0.310311341333333,6.34901946784532,0.0197017274721853,66,0.300827432,0.337742031,0.292364561,"GLUC",0.55502007871347,0.244708737380137,"Q4"
"GLUC-174",0.816556276333333,7.99251166352654,0.0652633556251997,60,0.757738757,0.907563193,0.784366879,"GLUC",0.55502007871347,-0.261536197619863,"Q1"
"GLUC-175",0.608165485333333,5.36168037472022,0.0326078894729393,57,0.619990451,0.64085403,0.563651975,"GLUC",0.55502007871347,-0.0531454066198629,"Q2"
"GLUC-176",0.68113687,8.12334252215623,0.055331080994794,54,0.711850204,0.728108456,0.60345195,"GLUC",0.55502007871347,-0.12611679128653,"Q2"
"GLUC-179",0.897470065666667,8.37235691169013,0.0751393970731931,46,0.897564325,0.989449491,0.805396381,"GLUC",0.55502007871347,-0.342449986953196,"Q1"
"GLUC-181",0.901492131666667,3.88146943318836,0.0349911415332398,40,0.859258949,0.900274026,0.94494342,"GLUC",0.55502007871347,-0.346472052953196,"Q1"
"GLUC-183",0.776223015666667,3.97423438944529,0.0308489220274139,34,0.735410556,0.78327854,0.809979951,"GLUC",0.55502007871347,-0.221202936953196,"Q1"
"GLUC-184",0.870105206666667,3.98699544504968,0.0346910549569401,31,0.831305121,0.863502962,0.915507537,"GLUC",0.55502007871347,-0.315085127953196,"Q1"
"GLUC-185",0.7888351295,5.94036367646327,0.0468596755,29,0.741975454,0.835694805,NA,"GLUC",0.55502007871347,-0.23381505078653,"Q1"
