id,gene,mean,cv,std,pos,score1,score2,score3
KRAS-0,KRAS,1.142095621,4.069990125634146,0.046483178999999986,5724,1.095612442,1.1885788,
KRAS-1,KRAS,0.8934551735,7.868251321956221,0.0702992985,5662,0.823155875,0.963754472,
KRAS-2,KRAS,0.9365602454999999,16.1745332697874,0.15148424850000003,5600,0.785075997,1.088044494,
KRAS-3,KRAS,0.93884381,2.772107927676637,0.02602576368551138,5538,0.908612812,0.972141048,0.93577757
KRAS-4,KRAS,0.913079293,7.581163599994159,0.06922203500000002,5476,0.843857258,0.982301328,
KRAS-6,KRAS,0.794963533,4.3871143206263215,0.034875958999999956,5352,0.829839492,0.760087574,
KRAS-7,KRAS,0.830320211,0.1732866406162911,0.001438834,5290,0.831759045,0.828881377,
KRAS-8,KRAS,0.9505090125,0.6931360369399993,0.006588320500000022,5228,0.957097333,0.943920692,
KRAS-9,KRAS,1.1805459135,1.7326945327654097,0.020455254499999964,5166,1.160090659,1.201001168,
KRAS-10,KRAS,0.6515268380000001,7.3514026140547095,0.047896361,5104,0.603630477,0.699423199,
KRAS-12,KRAS,0.7449666463333333,1.5675181832448017,0.011677487640383994,4980,0.731656075,0.74315629,0.760087574
KRAS-13,KRAS,0.77297363,1.0974389902537824,0.008482914000000008,4918,0.764490716,0.781456544,
KRAS-14,KRAS,0.8176899123333333,4.142041077966369,0.03386905205923386,4856,0.804819717,0.784169565,0.864080455
KRAS-15,KRAS,0.7810944973333332,1.5084463066754985,0.011782391096670215,4794,0.793739526,0.784169565,0.765374401
KRAS-16,KRAS,0.7082797595,9.759539584866541,0.06912484350000003,4732,0.639154916,0.777404603,
KRAS-17,KRAS,0.7001888795,4.675332393650216,0.032736157499999974,4670,0.667452722,0.732925037,
KRAS-18,KRAS,0.744308576,7.222527814276396,0.05375789392564457,4608,0.668610332,0.788256766,0.77605863
KRAS-19,KRAS,0.6293600273333334,3.816013300660711,0.024016462352081887,4546,0.630355482,0.599460897,0.658263703
KRAS-20,KRAS,0.8713693383333333,8.50192634338619,0.0740831793239516,4484,0.919701472,0.766701844,0.927704699
KRAS-21,KRAS,0.7036910595000001,0.6064963370477492,0.004267860499999998,4422,0.70795892,0.699423199,
KRAS-22,KRAS,0.726190833,7.482389755721708,0.05433642849538213,4360,0.753530365,0.774714987,0.650327147
KRAS-23,KRAS,0.9118015115,0.8664123057883272,0.00789996049999997,4298,0.903901551,0.919701472,
KRAS-24,KRAS,0.8680355165,2.165746233034462,0.018799446499999983,4236,0.886834963,0.84923607,
KRAS-26,KRAS,0.5330196835000001,11.301793416790396,0.060240783500000006,4112,0.4727789,0.593260467,
KRAS-27,KRAS,0.7335100906666666,5.2902870797980555,0.038804789555553665,4050,0.717841658,0.786892004,0.69579661
KRAS-28,KRAS,0.6004667753333334,9.357146251342776,0.05618655435866186,3988,0.522766122,0.653716744,0.62491746
KRAS-29,KRAS,0.6448377695,4.588874892198751,0.02959079849999996,3926,0.615246971,0.674428568,
KRAS-30,KRAS,0.6151616885,7.006615546085005,0.04310201450000001,3864,0.572059674,0.658263703,
KRAS-31,KRAS,0.630970319,1.4728312442221294,0.00929312800000004,3802,0.640263447,0.621677191,
KRAS-32,KRAS,0.7557486560000001,6.8827390079090485,0.05201620754826037,3740,0.69459193,0.82173069,0.750923348
KRAS-33,KRAS,0.5863776126666665,9.501929127305244,0.05571718517397111,3678,0.520957488,0.657124007,0.581051343
KRAS-34,KRAS,0.492215885,6.575397094305481,0.03236514900000001,3616,0.459850736,0.524581034,
KRAS-35,KRAS,0.602582399,11.729264929956914,0.07067848600000004,3554,0.531903913,0.673260885,
KRAS-36,KRAS,0.946997376,10.78827614407244,0.102164692,3492,0.844832684,1.049162068,
KRAS-39,KRAS,0.6774979605,8.556720740120966,0.05797160850000005,3306,0.735469569,0.619526352,
KRAS-42,KRAS,0.771921964,9.97069935910373,0.07696601831732892,3120,0.674428568,0.862584414,0.77875291
KRAS-43,KRAS,0.650710049,8.98660380147288,0.05847673400000003,3058,0.592233315,0.709186783,
KRAS-44,KRAS,0.6894784816666667,8.911475763865543,0.06144270779079313,2996,0.602585371,0.732925037,0.732925037
KRAS-45,KRAS,0.9008957575000001,8.47070539123945,0.0763122255,2934,0.824583532,0.977207983,
KRAS-46,KRAS,0.829559334,5.798595474546249,0.048102790000000006,2872,0.781456544,0.877662124,
KRAS-47,KRAS,0.8730289116666666,9.000183824267278,0.07857420688899999,2810,0.795116164,0.980600603,0.843369968
KRAS-48,KRAS,0.7277444005,7.753431625338904,0.056425164500000013,2748,0.671319236,0.784169565,
KRAS-49,KRAS,0.7175721755,6.661660963469175,0.04780222550000002,2686,0.765374401,0.66976995,
KRAS-50,KRAS,0.7889900814999999,1.1263165036378173,0.008886525499999964,2624,0.797876607,0.780103556,
KRAS-51,KRAS,0.6660572426666667,8.637125729217889,0.057528201477681895,2562,0.602585371,0.653716744,0.741869613
KRAS-52,KRAS,0.639370847,2.598716703766134,0.01661543700000001,2500,0.62275541,0.655986284,
KRAS-53,KRAS,0.540401503,2.2523473625498087,0.012171719000000025,2438,0.528229784,0.552573222,
KRAS-54,KRAS,0.63409648,5.625874157194499,0.035673469999999985,2376,0.59842301,0.66976995,
KRAS-56,KRAS,0.7609196659999999,4.675332441729799,0.035575524000000025,2252,0.725344142,0.79649519,
KRAS-57,KRAS,0.759221475,3.4615596418834556,0.026280904171112292,2190,0.732925037,0.749623224,0.795116164
KRAS-58,KRAS,0.583689896,1.9925344056323993,0.011630221999999968,2128,0.572059674,0.595320118,
KRAS-59,KRAS,0.7730340849999999,6.062601608574071,0.04686597687203585,2066,0.710416775,0.785529605,0.823155875
KRAS-60,KRAS,0.8987096745,7.609878077483626,0.06839071049999995,2004,0.830318964,0.967100385,
KRAS-61,KRAS,0.843238141,10.016928064927267,0.08446655799999997,1942,0.758771583,0.927704699,
KRAS-62,KRAS,0.523867076,7.696014093468249,0.040316884000000025,1880,0.483550192,0.56418396,
KRAS-63,KRAS,0.6989632495,8.556720763614344,0.05980833350000003,1818,0.639154916,0.758771583,
KRAS-64,KRAS,0.5420664783333333,8.68951543885218,0.047102950323617304,1756,0.477720123,0.559316794,0.589162518
KRAS-65,KRAS,0.4923710085,10.873903129087259,0.05353994649999999,1694,0.438831062,0.545910955,
KRAS-66,KRAS,0.6169217483333334,8.254446195883945,0.050923473786881564,1632,0.58712417,0.688599746,0.575041329
KRAS-67,KRAS,0.716291853,7.7821384909706595,0.05574282399999997,1570,0.660549029,0.772034677,
KRAS-68,KRAS,0.683521425,5.021091036027141,0.03432023299999998,1508,0.649201192,0.717841658,
KRAS-69,KRAS,0.595023999,9.673714185770175,0.05756092099999999,1446,0.537463078,0.65258492,
KRAS-70,KRAS,0.6526005964999999,0.6931361270982216,0.004523410499999991,1384,0.657124007,0.648077186,
KRAS-71,KRAS,1.0587516535000001,8.814689846432433,0.09332567450000001,1322,0.965425979,1.152077328,
KRAS-72,KRAS,0.6966637823333333,6.921166222146062,0.048217258384779825,1260,0.756146433,0.638048304,0.69579661
KRAS-73,KRAS,0.7140375533333333,9.025175964182033,0.06444314563867347,1198,0.675598277,0.804819717,0.661694666
KRAS-74,KRAS,0.627129003,1.155266922282753,0.007245013931700614,1136,0.629264105,0.617382953,0.634739951
KRAS-75,KRAS,0.626894292,9.41625618905628,0.05902997256929056,1074,0.70795892,0.603630477,0.569093479
KRAS-76,KRAS,0.6933252603333333,5.720616989626724,0.03966248263600238,1012,0.741869613,0.644716832,0.693389336
KRAS-77,KRAS,0.6612279053333333,7.431066353152861,0.04913628439088279,950,0.722834642,0.658263703,0.602585371
KRAS-78,KRAS,0.7752392773333333,3.6777569049013277,0.028511416051633817,888,0.740585164,0.774714987,0.810417681
KRAS-80,KRAS,0.698515591,8.814689864238119,0.061571983,764,0.636943608,0.760087574,
KRAS-81,KRAS,0.7609063765,17.157287483974713,0.13055089450000001,702,0.891457271,0.630355482,
KRAS-82,KRAS,0.4595652106666666,8.750154553107498,0.04021266620564739,640,0.481877236,0.403107786,0.49371061
KRAS-84,KRAS,1.1746923825,8.069135367871512,0.0947875185,516,1.079904864,1.269479901,
KRAS-85,KRAS,0.190691908,1.0396833409417694,0.0019825920000000052,454,0.1926745,0.188709316,
KRAS-86,KRAS,0.8006117433333334,3.2510135430555676,0.026027996203059952,392,0.80901455,0.827446279,0.765374401
KRAS-87,KRAS,0.5785413403333334,8.562068352289009,0.049535105005588984,330,0.632543917,0.590184343,0.512895761
KRAS-88,KRAS,0.810337683,5.712239103657727,0.046288425999999994,268,0.764049257,0.856626109,
KRAS-90,KRAS,0.8781892714999999,3.464348915130195,0.030423540500000013,144,0.847765731,0.908612812,
KRAS-91,KRAS,0.8796608859999999,3.2912599003521024,0.028951926000000017,82,0.85070896,0.908612812,
KRAS-92,KRAS,1.1451837225000001,1.126316524290285,0.012898393500000105,20,1.132285329,1.158082116,
PPIB-0,PPIB,0.8711413760000001,5.783124967896113,0.050379194421129765,1016,0.863189142,0.936433611,0.813801375
PPIB-1,PPIB,0.9135678770000001,1.5334977857603174,0.01400954316521254,1005,0.933193797,0.906104044,0.90140579
PPIB-2,PPIB,0.7482054573333333,2.438749977474237,0.01824686042217768,994,0.733438865,0.773915856,0.737261651
PPIB-3,PPIB,0.8076933173333334,4.798299979199702,0.03875554827760272,983,0.772575923,0.861694644,0.788809385
PPIB-4,PPIB,0.7601531996666666,5.858536163921067,0.044533850103674784,972,0.748849975,0.819461811,0.712147813
PPIB-5,PPIB,0.3099875703333333,3.443964326255064,0.010675861338104825,961,0.29529905,0.320356157,0.314307504
PPIB-6,PPIB,0.3973645903333333,3.276154085690626,0.013018276261293319,950,0.378994449,0.407606404,0.405492918
PPIB-7,PPIB,0.5157078473333333,1.7030420931911687,0.008782721717976717,939,0.503564548,0.52403992,0.519519074
PPIB-10,PPIB,0.6399671393333334,4.7402684805217135,0.03033616059151448,906,0.597805727,0.66792065,0.654175041
PPIB-12,PPIB,0.541456509,7.331758072474351,0.03969828130754531,884,0.593676381,0.533199977,0.497493169
PPIB-13,PPIB,0.8626833756666666,9.134146543680934,0.07879876374136684,873,0.972822581,0.822306776,0.79292077
PPIB-14,PPIB,0.857691327,3.2912599336567623,0.028228851,862,0.885920178,0.829462476,
PPIB-15,PPIB,0.713872957,5.078888789841149,0.036256813586780526,851,0.695078884,0.764584905,0.681955082
PPIB-16,PPIB,0.389685037,1.3560095596449273,0.0052841663542258725,840,0.397147994,0.386287962,0.385619155
PPIB-18,PPIB,0.4541771593333333,7.068823522631802,0.032104981873375585,818,0.449143582,0.495771974,0.417615922
PPIB-19,PPIB,0.593696875,4.242977529568438,0.025190425000000016,807,0.6188873,0.56850645,
PPIB-20,PPIB,0.579174317,5.021091085432236,0.029080870000000036,796,0.550093447,0.608255187,
PPIB-22,PPIB,0.3841554756666667,2.1922980086482946,0.008421832843153718,774,0.394404693,0.37377672,0.384285014
PPIB-23,PPIB,0.436872221,0.6931360829188532,0.003028118999999996,763,0.43990034,0.433844102,
PPIB-24,PPIB,0.3703721383333334,4.932122852935359,0.0182672088756437,752,0.34454125,0.382955489,0.383619676
PPIB-25,PPIB,0.34780612866666666,5.236079669024579,0.0182114059907368,741,0.339209533,0.373129575,0.331079278
PPIB-26,PPIB,0.6832426996666666,9.9184119061059,0.06776682527133804,730,0.617815779,0.776602697,0.655309623
PPIB-27,PPIB,0.5656150593333334,8.90119687246006,0.05034650997154179,719,0.49491361,0.593676381,0.608255187
PPIB-28,PPIB,0.5410633146666667,7.86307897600413,0.04254423574242574,708,0.490644034,0.537839874,0.594706036
PPIB-29,PPIB,0.5073826573333333,0.9451115444538858,0.004795332069014234,697,0.503564548,0.504437915,0.514145509
PPIB-30,PPIB,0.5318718653333333,3.4041442300679967,0.01810568541509969,686,0.507067116,0.549775792,0.538772688
PPIB-31,PPIB,0.4519583853333333,3.0601877300091593,0.013830775052718182,675,0.433844102,0.454624904,0.46740615
PPIB-32,PPIB,0.3979421736666667,7.088931592062128,0.028209848467195073,664,0.359795394,0.406900687,0.42713044
PPIB-33,PPIB,0.327272982,7.539267355571476,0.02467398509553131,653,0.295811208,0.329933831,0.356073907
PPIB-35,PPIB,0.4224163025,1.819310584018003,0.007685064500000005,631,0.414731238,0.430101367,
PPIB-36,PPIB,0.300789263,3.191945149553873,0.009601028290707341,620,0.304127593,0.310517961,0.287722235
PPIB-37,PPIB,0.33306745200000004,7.121094190963628,0.023718046976362574,609,0.305712749,0.363555776,0.329933831
PPIB-40,PPIB,0.39290157,3.2047079883137153,0.012591348000000002,576,0.405492918,0.380310222,
PPIB-41,PPIB,0.4593851406666667,0.6179920535637676,0.002838963664572736,565,0.457787071,0.463373878,0.456994473
PPIB-43,PPIB,0.539273908,1.1263164988876073,0.006073930999999977,543,0.545347839,0.533199977,
PPIB-45,PPIB,0.6600254325,7.523730761693029,0.04965853649999996,521,0.610366896,0.709683969,
PPIB-46,PPIB,0.33151562933333334,3.8114804459712532,0.01263565338737854,510,0.338622237,0.342161329,0.313763322
PPIB-47,PPIB,0.128952239,3.5508859989627632,0.004578947,499,0.124373292,0.133531186,
PPIB-48,PPIB,0.38790848666666666,1.697247029683144,0.006583765267838834,488,0.384285014,0.382292452,0.397147994
PPIB-49,PPIB,0.510643834,5.026342379942013,0.02566670743890274,477,0.544403642,0.505312797,0.482215063
PPIB-50,PPIB,0.2496735085,2.2523472889796037,0.00562351450000001,466,0.255297023,0.244049994,
PPIB-51,PPIB,0.6395143475,7.006615516159311,0.044808311499999975,455,0.594706036,0.684322659,
PPIB-52,PPIB,0.38808325899999996,7.609878116386358,0.029532662999999987,444,0.358550596,0.417615922,
PPIB-55,PPIB,0.7329642683333333,3.2007183330906726,0.02346012171154891,411,0.725852655,0.764584905,0.708455245
PPIB-58,PPIB,0.5980203460000001,7.915579374795106,0.04733677516505434,378,0.61996068,0.641823546,0.532276812
PPIB-59,PPIB,0.8758749134999999,3.8104636844356894,0.0333748955,367,0.909249809,0.842500018,
PPIB-60,PPIB,0.9595954473333332,9.910048982888052,0.09509637886829704,356,1.023550267,1.030074456,0.825161619
PPIB-61,PPIB,0.49588803,4.061676727204874,0.020141368707504725,345,0.478055036,0.52403992,0.485569134
PPIB-62,PPIB,0.46469687266666665,9.736704790072638,0.04524616266025308,334,0.442960089,0.527684906,0.423445623
PPIB-64,PPIB,0.5140819813333334,7.509415399361659,0.038604551471588866,312,0.474752869,0.566539567,0.500953508
PPIB-65,PPIB,0.523665151,7.332090385611356,0.03839560218926819,301,0.534124743,0.564579489,0.472291221
PPIB-66,PPIB,0.7071577119999999,4.556677902553141,0.03222289919890438,290,0.718344912,0.663306985,0.739821239
PPIB-67,PPIB,0.880272379,7.4104731094179614,0.06523234793542876,279,0.936433611,0.915574141,0.788809385
PPIB-68,PPIB,0.7717667576666667,5.013383922995107,0.038691630551881274,268,0.773915856,0.818043021,0.723341396
PPIB-70,PPIB,0.8739560623333333,6.253787994150479,0.054655359300352285,246,0.892082241,0.929965192,0.799820754
PPIB-72,PPIB,0.605644235,0.7797747798259843,0.004722661000000017,224,0.600921574,0.610366896,
PPIB-73,PPIB,0.564315039,8.354020265671862,0.04714299272029407,213,0.501822347,0.575444471,0.615678299
PPIB-75,PPIB,0.6179529279999999,0.767838150111725,0.004744878330916439,191,0.616746113,0.624272847,0.612839824
PPIB-76,PPIB,0.5234097435,5.280331488517655,0.027637769499999992,180,0.495771974,0.551047513,
PPIB-77,PPIB,0.6750779483333332,9.771823193021719,0.06596742352621184,169,0.589575559,0.750148758,0.685509528
PPIB-78,PPIB,0.5960794226666667,3.401145892855732,0.020273530802185497,158,0.574448165,0.590598101,0.623192002
PPIB-79,PPIB,0.8967372835,0.3465722410771173,0.003107842500000013,147,0.893629441,0.899845126,
PPIB-80,PPIB,0.8295104823333332,4.867091911712627,0.04037303759245406,136,0.85426088,0.772575923,0.861694644
PPIB-81,PPIB,0.82339802,3.031589631464021,0.02496204900000004,125,0.848360069,0.798435971,
PPIB-82,PPIB,0.8804668676666667,3.8866946011663392,0.03422105821065871,114,0.921942463,0.838131559,0.881326581
PPIB-83,PPIB,0.8033080045000001,0.6064963217978291,0.004872033500000039,103,0.808180038,0.798435971,
PPIB-85,PPIB,1.0249934285000002,2.252347367122655,0.023086412499999986,81,1.001907016,1.048079841,
PPIB-86,PPIB,0.889007883,0.5198556827645104,0.00462155799999997,70,0.884386325,0.893629441,
PPIB-87,PPIB,0.8376961653333334,3.5749686223371704,0.029947375061188372,59,0.803989532,0.832342162,0.876756802
PPIB-88,PPIB,0.8084958319999999,6.524715292570622,0.05275205119030008,48,0.803989532,0.746259151,0.875238813
PPIB-89,PPIB,0.7489341703333334,5.043712843717942,0.03777408894009475,37,0.704781824,0.744967102,0.797053585
PPIB-90,PPIB,0.7795736915,4.934662357060832,0.03846932950000004,26,0.741104362,0.818043021,
PPIB-91,PPIB,0.881169147,7.4436762731376875,0.06559137872144875,15,0.855742485,0.816626688,0.971138268
PPIB-92,PPIB,0.8742676085000001,5.453119163570158,0.04767485450000003,4,0.826592754,0.921942463,
MALAT1-0,MALAT1,0.7080861135000001,10.959513965952102,0.07760279649999996,96,0.630483317,0.78568891,
MALAT1-1,MALAT1,0.8444960180000001,11.216248387331062,0.09472077100000004,189,0.749775247,0.939216789,
MALAT1-2,MALAT1,0.8840870464999999,14.45414996248336,0.12778726749999997,282,0.756299779,1.011874314,
MALAT1-3,MALAT1,0.900298663,1.6460758644934272,0.014819599000000017,375,0.915118262,0.885479064,
MALAT1-4,MALAT1,0.742899857,15.132125674914478,0.11241653999999995,468,0.630483317,0.855316397,
MALAT1-5,MALAT1,0.583392519,4.93466235208958,0.028788451000000048,561,0.554604068,0.61218097,
MALAT1-6,MALAT1,0.5531261005,10.102694566299895,0.055880640499999995,654,0.49724546,0.609006741,
MALAT1-8,MALAT1,0.5462279865,10.531299735957415,0.0575249065,840,0.48870308,0.603752893,
MALAT1-9,MALAT1,0.678705096,5.97128211337314,0.04052739599999999,933,0.6381777,0.719232492,
MALAT1-10,MALAT1,0.5866179275000001,6.920392234347458,0.04059626150000001,1026,0.627214189,0.546021666,
MALAT1-11,MALAT1,0.6999442475,3.2912599228126336,0.02303698449999997,1119,0.676907263,0.722981232,
MALAT1-12,MALAT1,0.8465837110000001,8.470705385447705,0.07171161200000004,1212,0.774872099,0.918295323,
MALAT1-13,MALAT1,0.873568926,6.402840043328187,0.05593322099999998,1305,0.817635705,0.929502147,
MALAT1-14,MALAT1,1.1404350255,0.8664123145172552,0.0098808695,1398,1.150315895,1.130554156,
MALAT1-15,MALAT1,0.850882761,0.17328662273838305,0.0014744660000000076,1491,0.849408295,0.852357227,
MALAT1-16,MALAT1,0.7312324205,1.2995778405861866,0.009502934500000004,1584,0.721729486,0.740735355,
MALAT1-17,MALAT1,0.8858684105,5.107512240385955,0.0452458375,1677,0.931114248,0.840622573,
MALAT1-18,MALAT1,0.794549842,5.798595451737562,0.04607273099999998,1770,0.748477111,0.840622573,
MALAT1-20,MALAT1,0.40492023,5.798595441872588,0.023479686,1956,0.428399916,0.381440544,
MALAT1-22,MALAT1,0.52191125,3.8969784613763414,0.020338769000000034,2142,0.542250019,0.501572481,
MALAT1-23,MALAT1,0.7462827089999999,5.280331505040937,0.039406200999999974,2235,0.706876508,0.78568891,
MALAT1-24,MALAT1,0.7707111173333333,2.807775768790157,0.021639839999857205,2328,0.799422511,0.765529619,0.747181222
MALAT1-26,MALAT1,0.6971823716666666,8.908748816301888,0.06211022628331958,2514,0.76156026,0.716744137,0.613242718
MALAT1-27,MALAT1,0.8849914815,2.512129886529306,0.022232135499999972,2607,0.862759346,0.907223617,
MALAT1-30,MALAT1,0.7744223986666666,8.16557974007004,0.06323607848808976,2886,0.831927725,0.804982934,0.686356537
MALAT1-33,MALAT1,0.7935779543333333,6.229077047271023,0.04943258220558058,3165,0.861265593,0.744596171,0.774872099
MALAT1-34,MALAT1,0.8583761705,6.057612068810338,0.051997098500000005,3258,0.806379072,0.910373269,
MALAT1-35,MALAT1,0.7531495095,6.143933032728074,0.046273001499999966,3351,0.706876508,0.799422511,
MALAT1-36,MALAT1,0.7605339465000001,2.771878441063112,0.021081076499999962,3444,0.73945287,0.781615023,
MALAT1-37,MALAT1,1.108647281,2.6852995998102305,0.029770501000000005,3537,1.138417782,1.07887678,
MALAT1-38,MALAT1,0.500027667,9.179691306239922,0.04590099627639331,3630,0.531090675,0.435133532,0.533858794
MALAT1-39,MALAT1,0.6040218503333333,9.365489488875669,0.05656960290348066,3723,0.530171162,0.667588081,0.614306308
MALAT1-40,MALAT1,0.6312989906666667,7.086529004719518,0.0447371860800949,3816,0.590304033,0.610062984,0.693529955
MALAT1-42,MALAT1,1.0690677069999999,10.816820229703186,0.11563913199999998,4002,0.953428575,1.184706839,
MALAT1-43,MALAT1,1.0622931385,6.057612081620347,0.06434959749999997,4095,0.997943541,1.126642736,
MALAT1-44,MALAT1,0.8680661666666666,8.906584971256063,0.07731505074089193,4188,0.97740616,0.81339617,0.81339617
MALAT1-45,MALAT1,1.2152299446666668,9.07867477939984,0.1103267744981673,4281,1.360870798,1.093937339,1.190881697
MALAT1-46,MALAT1,0.9732781056666667,6.605254154426475,0.0642874925086708,4374,1.064023565,0.923081607,0.932729145
MALAT1-47,MALAT1,1.0739511215,5.453119171587924,0.05856383450000002,4467,1.015387287,1.132514956,
MALAT1-48,MALAT1,0.8743902473333334,5.056365960936636,0.044212370831912325,4560,0.829049474,0.934346842,0.859774426
MALAT1-49,MALAT1,0.6318630325000001,9.759539540715256,0.0616669225,4653,0.57019611,0.693529955,
MALAT1-51,MALAT1,0.6157097045,6.747914836544528,0.041547566499999966,4839,0.574162138,0.657257271,
MALAT1-52,MALAT1,0.5930467075,11.98554036319307,0.07107985250000004,4932,0.521966855,0.66412656,
MALAT1-53,MALAT1,0.80156059,4.329461731645263,0.034703258999999986,5025,0.766857331,0.836263849,
MALAT1-54,MALAT1,0.661525988,2.858453234342177,0.018909411000000043,5118,0.680435399,0.642616577,
MALAT1-56,MALAT1,0.9129212693333333,3.1105486095063424,0.02839685984913565,5304,0.877840114,0.947389838,0.913533856
MALAT1-57,MALAT1,0.9135653925,4.242977549086611,0.038762374499999974,5397,0.874803018,0.952327767,
MALAT1-58,MALAT1,0.635513149,4.502410539423793,0.028613411000000033,5490,0.606899738,0.66412656,
MALAT1-59,MALAT1,0.6743659504999999,3.3778070323851543,0.022778780499999984,5583,0.65158717,0.697144731,
MALAT1-60,MALAT1,0.81242845,5.777901874810192,0.046941318644041385,5676,0.749775247,0.824750757,0.862759346
MALAT1-61,MALAT1,0.7375380843333333,2.4193120798506147,0.017843347967775147,5769,0.744596171,0.713027736,0.754990346
MALAT1-63,MALAT1,0.9430210776666667,7.721073563008613,0.07281135112131991,5955,0.885479064,1.045744277,0.897839892
MALAT1-64,MALAT1,0.9548635533333334,2.6258702141066426,0.025073477632340295,6048,0.919887987,0.97740616,0.967296513
MALAT1-65,MALAT1,0.8085613003333334,4.438947988980456,0.035891615580820733,6141,0.792525962,0.774872099,0.85828584
MALAT1-66,MALAT1,0.6861860093333334,9.406637916400392,0.06454703333098408,6234,0.614306308,0.673397422,0.770854298
MALAT1-67,MALAT1,0.9303668629999999,1.1263165549781653,0.010478876000000026,6327,0.919887987,0.940845739,
MALAT1-68,MALAT1,0.6597926215000001,2.7718784515082713,0.01828864950000003,6420,0.678081271,0.641503972,
MALAT1-69,MALAT1,0.8575582865,0.6064963258914289,0.005201059499999994,6513,0.852357227,0.862759346,
MALAT1-70,MALAT1,0.7283687323333333,5.671106170465541,0.04130656412309731,6606,0.766857331,0.671067644,0.747181222
MALAT1-71,MALAT1,0.717190525,5.453119169414569,0.03910925399999998,6699,0.678081271,0.756299779,
MALAT1-72,MALAT1,0.85181883,2.1657462068548083,0.018448234000000008,6792,0.870267064,0.833370596,
MALAT1-73,MALAT1,0.7023951463333332,6.704126034170718,0.0470894558680845,6885,0.749775247,0.719232492,0.6381777
MALAT1-77,MALAT1,0.9631537373333332,5.43527551394538,0.05235005924692847,7257,0.965621767,0.897839892,1.025999553
MALAT1-79,MALAT1,1.0017273543333334,9.390405400638404,0.09406625958098953,7443,0.984204558,0.896285401,1.124692104
MALAT1-80,MALAT1,1.2025381906666668,7.5679269710778225,0.09100721206897393,7536,1.109208135,1.17245301,1.325953427
MALAT1-82,MALAT1,1.0400726906666666,6.468232585598216,0.06727432069160946,7722,1.128596752,1.025999553,0.965621767
MALAT1-83,MALAT1,1.0635029375,6.489123449177125,0.06901201850000005,7815,0.994490919,1.132514956,
MALAT1-85,MALAT1,0.8846402503333333,5.255411818406111,0.0464914882663954,8001,0.870267064,0.947389838,0.836263849
MALAT1-86,MALAT1,0.891960783,9.99039805732739,0.08911043273695417,8094,0.883945975,1.004884788,0.787051586
MALAT1-88,MALAT1,0.871225766,2.165746209117507,0.018868538999999962,8280,0.852357227,0.890094305,
MALAT1-89,MALAT1,0.8198852325,4.502410585862086,0.03691459949999998,8373,0.782970633,0.856799832,
MALAT1-91,MALAT1,0.848040781,1.5594547215530699,0.01322481200000003,8559,0.834815969,0.861265593,
CLUC-0,CLUC,0.3515870995,6.462091337341569,0.022719879499999984,1660,0.32886722,0.374306979,
CLUC-1,CLUC,0.48529501033333333,9.316774761711512,0.045213843042581275,1641,0.522411084,0.421645564,0.511828383
CLUC-4,CLUC,0.7346294143333333,7.929346251953665,0.05825130993118932,1586,0.813105438,0.717092968,0.673689837
CLUC-5,CLUC,0.935937146,6.480753783756829,0.06065578200298068,1568,0.864110481,0.931237876,1.012463081
CLUC-6,CLUC,0.428044427,6.078572073080627,0.026018988999999992,1550,0.402025438,0.454063416,
CLUC-8,CLUC,0.674718962,5.467588529872286,0.03689085657518535,1513,0.704305198,0.697140007,0.622711681
CLUC-9,CLUC,0.8456934685,5.194898286009407,0.0439329155,1495,0.801760553,0.889626384,
CLUC-10,CLUC,1.027796058,6.64515246004341,0.0682986150324162,1476,1.120577039,0.958150065,1.00466107
CLUC-11,CLUC,0.3907451375,10.21478981296344,0.03991379449999999,1458,0.350831343,0.430658932,
CLUC-12,CLUC,0.505122959,7.923618059103115,0.040024014000000024,1440,0.465098945,0.545146973,
CLUC-13,CLUC,0.4999302506666666,9.170614697310057,0.045846677043936336,1421,0.536408586,0.528111714,0.435270452
CLUC-14,CLUC,0.5562764176666667,4.360851026126925,0.024258385867918935,1403,0.569573846,0.577015433,0.522239974
CLUC-16,CLUC,0.8045860396666668,5.054009615782532,0.0406638558119972,1366,0.827992375,0.838373875,0.747391869
CLUC-17,CLUC,0.859863352,0.9328275390227088,0.00802104214541977,1348,0.862266687,0.868262396,0.849060973
CLUC-19,CLUC,0.8373788753333332,6.143567867460544,0.05144493951388115,1311,0.849883406,0.893195928,0.769057292
CLUC-20,CLUC,0.9490692053333333,6.08616033852662,0.05776187356016709,1293,0.927062901,1.028200494,0.891944221
CLUC-21,CLUC,0.5178874013333333,4.115367138813538,0.021312967930527386,1275,0.521620993,0.541922519,0.490118692
CLUC-22,CLUC,0.27759578166666665,5.40177850502623,0.014995109264929543,1256,0.29761845,0.261534694,0.273634201
CLUC-23,CLUC,0.5561602006666666,6.545974200608626,0.03640610324969316,1238,0.601928807,0.553697272,0.512854523
CLUC-24,CLUC,0.6058888003333333,2.4836234611731207,0.01504799639369903,1220,0.611913434,0.585200479,0.620552488
CLUC-26,CLUC,0.9132381196666667,4.941897444144418,0.04513129129475954,1183,0.859999559,0.97034497,0.90936983
CLUC-27,CLUC,0.7729533310000001,8.791449216115312,0.0679537995591367,1165,0.868996818,0.727815121,0.722048054
CLUC-29,CLUC,0.6431311453333334,6.779832340133115,0.04360321338077785,1128,0.582176772,0.665528505,0.681688159
CLUC-30,CLUC,0.413592911,4.671713335491398,0.01932187517783407,1110,0.412792181,0.437647481,0.390339071
CLUC-31,CLUC,0.47727053133333336,3.59308827444996,0.017148751498743023,1091,0.46575711,0.501512381,0.464542103
CLUC-32,CLUC,0.5633651510000001,3.0781359088563156,0.017341145010913606,1073,0.55908029,0.544595792,0.586419371
CLUC-33,CLUC,0.6117924916666667,1.8911321122798135,0.011569804270425135,1055,0.616072311,0.623329311,0.595975853
CLUC-34,CLUC,0.8227233746666668,1.8616733115863915,0.015316421494352252,1036,0.844352602,0.812919476,0.810898046
CLUC-35,CLUC,1.164392441,4.5255446655720775,0.052695099999999995,1018,1.111697341,1.217087541,
CLUC-36,CLUC,0.7654109076666668,1.0137702157356288,0.007759507809916402,1000,0.774223508,0.755341702,0.766667513
CLUC-37,CLUC,0.7456158126666667,6.601611663523762,0.04922266045408016,981,0.810622212,0.734674883,0.691550343
CLUC-38,CLUC,0.763927238,4.940323045691189,0.03774047339122617,963,0.808529183,0.716238968,0.767013563
CLUC-39,CLUC,1.0694491626666667,7.646032347950044,0.08177042892237421,945,1.148762948,1.102672975,0.956911565
CLUC-40,CLUC,1.0344600779999997,3.3473726561982455,0.03462723379025903,926,1.002643995,1.018128848,1.082607391
CLUC-41,CLUC,0.8781225213333334,1.242811296408009,0.010913405891433496,908,0.867024529,0.874382838,0.892960197
CLUC-42,CLUC,0.8750234253333332,8.333995636409302,0.0729244140848392,890,0.969587894,0.863380021,0.792102361
CLUC-43,CLUC,1.0103688576666667,6.8037199853923465,0.06874266789524736,871,1.102173582,0.992165792,0.936767199
CLUC-44,CLUC,0.6844294076666667,3.6193223086850232,0.02477170623888043,853,0.717645162,0.677464735,0.658178326
CLUC-45,CLUC,0.8240354289999999,4.693916011452442,0.03867953094187182,835,0.871006123,0.776270984,0.82482918
CLUC-46,CLUC,1.1283779936666667,6.723063068454399,0.07586156416477038,817,1.215244263,1.139471493,1.030418225
CLUC-47,CLUC,1.0108816716666666,2.854891766707034,0.028859577615562102,798,1.041253615,1.019306537,0.972084863
CLUC-48,CLUC,0.7783608666666666,6.504282477044419,0.050626789458771075,780,0.710016028,0.83100881,0.794057762
CLUC-50,CLUC,0.8461032749999999,0.5153606100862771,0.004360482999999971,743,0.850463758,0.841742792,
CLUC-51,CLUC,0.6425722770000001,6.059178566761067,0.038934601683932556,725,0.611720249,0.697494735,0.618501847
CLUC-52,CLUC,0.41291564700000005,0.876773507204972,0.0036203350000000023,707,0.409295312,0.416535982,
CLUC-53,CLUC,0.607799719,5.453722854311967,0.03314771218354691,688,0.620357719,0.562407055,0.640634383
CLUC-54,CLUC,0.6970554995,0.09537913415458404,0.0006648455000000109,670,0.696390654,0.697720345,
CLUC-56,CLUC,0.81190775,2.214409221191577,0.017978960083569057,633,0.829098373,0.819536691,0.787088186
CLUC-57,CLUC,0.6212068723333333,4.485998286300151,0.0278673296472521,615,0.60145969,0.601543729,0.660617198
CLUC-58,CLUC,0.444154939,5.254113587601009,0.023336404999999977,597,0.420818534,0.467491344,
CLUC-59,CLUC,0.482212791,5.883986845651679,0.02837333719048982,578,0.520324241,0.452284742,0.47402939
CLUC-60,CLUC,0.5429013896666667,1.2951622214601202,0.007031453698744664,560,0.546865479,0.533021465,0.548817225
CLUC-61,CLUC,0.6093343506666667,3.1618727765238908,0.019266376951737954,542,0.622048291,0.623847376,0.582107385
CLUC-62,CLUC,0.667787655,6.10964604307974,0.04079946203988249,523,0.725466425,0.637620199,0.640276341
CLUC-63,CLUC,0.9385708166666668,3.006705694078711,0.02822006218767773,505,0.976256298,0.90835217,0.931103982
CLUC-64,CLUC,0.3806206306666667,8.760213276063089,0.03334317901909639,487,0.412989039,0.394132655,0.334740198
CLUC-65,CLUC,0.7415457320000001,7.554603855570942,0.05602084246049377,468,0.726010193,0.816592677,0.682034326
CLUC-66,CLUC,0.8116946230000001,2.350851586084984,0.019081735918962034,450,0.829889835,0.819855918,0.785338116
CLUC-67,CLUC,0.6810262543333333,6.755934395699958,0.046009686960252746,432,0.7116407,0.715442303,0.61599576
CLUC-68,CLUC,1.1677584950000002,8.041375548293173,0.09390384608004637,413,1.069550187,1.294278698,1.1394466
CLUC-69,CLUC,0.511783933,0.4449802194293234,0.002277337268067422,395,0.515004565,0.510180302,0.510166932
CLUC-70,CLUC,0.5432040370000001,6.956992494373939,0.03779066408322624,377,0.511646199,0.596336384,0.521629528
CLUC-71,CLUC,0.779573126,6.6676964077599346,0.051979569318163825,358,0.84686654,0.771548885,0.720303953
CLUC-72,CLUC,0.8955449676666666,3.656913346071956,0.03274930344267811,340,0.929445864,0.905922568,0.851266471
CLUC-73,CLUC,0.39591334433333336,5.829624151676116,0.023080259940964624,322,0.374425397,0.42793521,0.385379426
CLUC-74,CLUC,0.7136408633333332,8.367019360779533,0.059710469201534194,303,0.783739234,0.719367578,0.637815778
CLUC-76,CLUC,0.7745891364999999,0.47494527442291135,0.0036788744999999845,267,0.778268011,0.770910262,
CLUC-77,CLUC,0.9224879205000001,0.9129786214908,0.008422117500000048,248,0.914065803,0.930910038,
CLUC-79,CLUC,0.6295976953333334,4.527749300217077,0.028506605244637852,212,0.622144404,0.667635799,0.599012883
CLUC-81,CLUC,0.6045373289999999,5.598113108088106,0.03384268345803471,175,0.626395997,0.630481289,0.556734701
CLUC-82,CLUC,0.4403352535,5.988690728347513,0.02637031650000002,157,0.413964937,0.46670557,
CLUC-83,CLUC,0.697598236,4.652789972713559,0.03245778077443467,138,0.699858937,0.736172145,0.656763626
CLUC-84,CLUC,0.935857987,5.51856658852347,0.05164594618661032,120,0.990755008,0.950131095,0.866687858
CLUC-86,CLUC,0.5768084165,1.852575863029216,0.01068581350000003,83,0.58749423,0.566122603,
CLUC-87,CLUC,0.9513120203333333,2.57749679571773,0.024520036841369264,65,0.983541235,0.946279227,0.924115599
CLUC-88,CLUC,0.9178537293333333,2.8401300624438575,0.026068239696058072,47,0.945834237,0.924651647,0.883075304
GLUC-0,GLUC,0.21628109933333337,8.108236842522597,0.017536583779558232,556,0.210340254,0.240104038,0.198399006
GLUC-1,GLUC,0.22918238966666668,9.560264452485068,0.021910442530658145,553,0.24147112,0.19840387,0.247672179
GLUC-2,GLUC,0.1980922925,3.967995120254359,0.00786029249999999,550,0.205952585,0.190232,
GLUC-4,GLUC,0.2543916995,0.7414634611535378,0.001886221500000007,544,0.252505478,0.256277921,
GLUC-5,GLUC,0.3069077025,4.4437319066633725,0.013638155499999999,541,0.293269547,0.320545858,
GLUC-6,GLUC,0.4403245525,0.9929102238740171,0.004372027500000014,538,0.435952525,0.44469658,
GLUC-7,GLUC,0.5974951813333335,5.6758975673687955,0.03391321446244445,536,0.565136217,0.58301798,0.644331347
GLUC-9,GLUC,0.3775697136666667,4.980423568440292,0.018804571006747196,530,0.374753744,0.356076376,0.401879021
GLUC-10,GLUC,0.6593651493333333,1.2459714469609413,0.008215501491904705,527,0.666223203,0.647814114,0.664058131
GLUC-12,GLUC,0.61229859,5.724966095395026,0.035053886680081796,521,0.563284515,0.63037307,0.643238185
GLUC-13,GLUC,0.3001860606666667,7.266509023277921,0.02181304718496587,518,0.330963308,0.282985166,0.286609708
GLUC-14,GLUC,0.509784861,5.026657211698329,0.025625137479602805,516,0.509952977,0.478316885,0.541084721
GLUC-15,GLUC,0.439829354,4.562656085233224,0.020067900784922977,513,0.411669182,0.450854199,0.456964681
GLUC-16,GLUC,0.7097253170000001,4.306091909538268,0.03056142445528183,510,0.699006755,0.67882394,0.751345256
GLUC-17,GLUC,0.838274416,5.041004689543562,0.04225745262180391,507,0.782765338,0.846856184,0.885201726
GLUC-19,GLUC,0.6181090393333334,4.380724979372224,0.027077657085833023,501,0.655630306,0.592721553,0.605975259
GLUC-20,GLUC,0.58014015,2.149053909430986,0.012467524573753786,499,0.581673119,0.59458538,0.564161951
GLUC-21,GLUC,0.554247096,1.9204560088134714,0.010644071658806169,496,0.546037515,0.569278756,0.547425017
GLUC-22,GLUC,0.4856804416666667,5.616615992708886,0.027278805360109154,493,0.506869414,0.503004953,0.447166958
GLUC-24,GLUC,0.7429014356666667,6.463337095167371,0.04801622407197463,487,0.679017556,0.794780128,0.754906623
GLUC-25,GLUC,0.488899522,1.8656003104048815,0.009120910999999982,484,0.479778611,0.498020433,
GLUC-26,GLUC,0.7863776000000001,4.187110815221358,0.03292650153807815,481,0.808505844,0.739831266,0.81079569
GLUC-28,GLUC,0.8035721840000001,2.1868351511214463,0.01757279898434631,476,0.786548514,0.796404386,0.827763652
GLUC-30,GLUC,0.7575982273333333,6.3236477304008,0.047907843108321024,470,0.748263796,0.820380789,0.704150097
GLUC-32,GLUC,0.7496818296666666,5.257789990462806,0.03941669620053242,464,0.78816888,0.695515903,0.765360706
GLUC-33,GLUC,0.5851401366666668,1.3825418821398485,0.008089807458627016,461,0.573730543,0.591575246,0.590114621
GLUC-35,GLUC,0.5091856136666667,8.09398363322625,0.041213400232922644,456,0.451825887,0.528909314,0.54682164
GLUC-36,GLUC,0.508896192,6.850179116782574,0.03486030067048575,453,0.551999691,0.466621819,0.508067066
GLUC-37,GLUC,0.750045751,3.1433160068351738,0.02357630814977009,450,0.762616923,0.770504093,0.717016237
GLUC-38,GLUC,0.6343585893333333,7.6511878147756205,0.04853596708905452,447,0.571519743,0.641860034,0.689695991
GLUC-39,GLUC,0.35660342933333333,8.191762546204398,0.02921210616260847,444,0.323775577,0.351297093,0.394737618
GLUC-40,GLUC,0.306991628,2.600933143362458,0.007984646999999984,442,0.299006981,0.314976275,
GLUC-41,GLUC,0.3657901495,2.553523793018378,0.009340538499999995,439,0.356449611,0.375130688,
GLUC-42,GLUC,0.5934752963333333,4.957216569929619,0.029419855728274907,436,0.552411068,0.619802989,0.608211832
GLUC-43,GLUC,0.7673167639999999,7.93611367153625,0.060895130611793545,433,0.700995346,0.848052966,0.75290198
GLUC-45,GLUC,0.6686721105,3.454516965381946,0.02309939150000001,427,0.691771502,0.645572719,
GLUC-46,GLUC,0.7824545513333333,1.898782751407762,0.014857112058322327,424,0.795749739,0.789896995,0.76171692
GLUC-47,GLUC,0.7281946914999999,3.573108785839043,0.026019188500000012,422,0.702175503,0.75421388,
GLUC-49,GLUC,0.5116710603333333,3.6526885393275013,0.01868975017985117,416,0.485508124,0.528006098,0.521498959
GLUC-50,GLUC,0.7966080236666665,7.7364895652245265,0.06162949662671298,413,0.709579662,0.84422592,0.836018489
GLUC-51,GLUC,0.26118912266666666,4.491246607245555,0.011730647610261097,410,0.246114755,0.274725033,0.26272758
GLUC-52,GLUC,0.225074732,2.5324206539541776,0.005699839000000012,407,0.230774571,0.219374893,
GLUC-53,GLUC,0.21828309899999998,7.471336640269774,0.016308665155103343,405,0.201617533,0.212808166,0.240423598
GLUC-54,GLUC,0.38686462050000003,1.2490189704488655,0.00483201250000001,402,0.382032608,0.391696633,
GLUC-57,GLUC,0.23476956866666665,9.31889084989426,0.021877919852814218,393,0.255256067,0.204446663,0.244605976
GLUC-58,GLUC,0.3630843755,5.740842874688775,0.02084410349999999,390,0.342240272,0.383928479,
GLUC-59,GLUC,0.2880456145,11.566984124314802,0.03331819050000001,387,0.254727424,0.321363805,
GLUC-60,GLUC,0.5419061055000001,0.4580434645056728,0.0024821654999999665,385,0.53942394,0.544388271,
GLUC-61,GLUC,0.227973395,2.0169397398323614,0.004598086000000001,382,0.232571481,0.223375309,
GLUC-62,GLUC,0.17816470166666665,8.1450944438366,0.014511683216329719,379,0.168346215,0.16746685,0.19868104
GLUC-63,GLUC,0.250673876,7.667781866153047,0.019221126007110977,376,0.223626559,0.266544769,0.2618503
GLUC-64,GLUC,0.5622512036666666,6.459067795915785,0.03631618642818253,373,0.514901889,0.603154613,0.568697109
GLUC-65,GLUC,0.7357515506666666,5.604232498328959,0.04123322750942059,370,0.714126351,0.793463315,0.699664986
GLUC-66,GLUC,0.480247302,5.782608789040074,0.027770822694579825,367,0.441104191,0.502592039,0.497045676
GLUC-67,GLUC,0.4252130205,7.887342316226179,0.033538006499999995,365,0.391675014,0.458751027,
GLUC-68,GLUC,0.4727404423333334,6.991521210193276,0.033051748294896516,362,0.478141362,0.429831157,0.510248808
GLUC-69,GLUC,0.3680079135,5.0958927273176755,0.01875328850000002,359,0.349254625,0.386761202,
GLUC-70,GLUC,0.492310821,6.206122336080159,0.03055341182502061,356,0.449843522,0.506640642,0.520448299
GLUC-71,GLUC,0.46375753399999997,8.250814031126074,0.038263771685676275,353,0.409724803,0.488220016,0.493327783
GLUC-73,GLUC,0.38429234999999995,3.127995131831273,0.012020645999999996,348,0.396312996,0.372271704,
GLUC-74,GLUC,0.444368895,7.33545179399435,0.03259646608023037,345,0.443987392,0.404638659,0.484480634
GLUC-76,GLUC,0.32761999599999997,1.7467512538572871,0.005722706388017193,339,0.322210486,0.335537903,0.325111599
GLUC-77,GLUC,0.617414593,8.673652711156388,0.05355239758481967,336,0.551574232,0.617922213,0.682747334
GLUC-78,GLUC,0.30495552000000004,8.584627604149158,0.02617929575029661,333,0.269177234,0.314600333,0.331088993
GLUC-80,GLUC,0.577973483,7.287201164648495,0.04211809038453547,328,0.565822644,0.533549713,0.634548092
GLUC-81,GLUC,0.5154265063333333,5.877964114844325,0.030296585080669142,325,0.535983494,0.472592179,0.537703846
GLUC-82,GLUC,0.7314329753333334,4.3611559560809,0.03189893276848941,322,0.686597672,0.749530957,0.758170297
GLUC-83,GLUC,0.6470411556666668,4.763472292155839,0.0308216261690266,319,0.603543583,0.671225068,0.666354816
GLUC-84,GLUC,0.7294419733333334,5.762899580934939,0.042037008424390225,316,0.670991132,0.749271146,0.768063642
GLUC-85,GLUC,0.411307737,4.415459366863308,0.018161126,313,0.393146611,0.429468863,
GLUC-87,GLUC,0.5216240235,6.857865989371936,0.03577227649999998,308,0.485851747,0.5573963,
GLUC-88,GLUC,0.8181686949999999,9.161815231483484,0.07495910411773964,305,0.79846913,0.737811791,0.918225164
GLUC-90,GLUC,0.6531031835000001,2.0275614687767076,0.013242068500000037,299,0.666345252,0.639861115,
GLUC-91,GLUC,0.3628732846666667,6.620504758463,0.024024043078547656,296,0.337904115,0.355404489,0.39531125
GLUC-92,GLUC,0.769695329,6.1118257776002105,0.04704243752680675,293,0.710658956,0.772651957,0.825775074
GLUC-94,GLUC,0.7831304796666666,7.801535917818669,0.061096205654580626,288,0.7336325,0.746547732,0.869211207
GLUC-95,GLUC,0.4412732346666666,9.49574805259992,0.041902194587504674,285,0.382430873,0.464622083,0.476766748
GLUC-96,GLUC,0.8059571893333333,6.562623699741578,0.052891937516960426,282,0.831267848,0.854259743,0.732343977
GLUC-97,GLUC,0.831427467,2.57623616141907,0.021419535060824606,279,0.835025637,0.803580645,0.855676119
GLUC-98,GLUC,0.7115397256666666,7.616019734234277,0.05419100592368976,276,0.752728161,0.634975585,0.746915431
GLUC-99,GLUC,0.6685192873333333,8.933099349869082,0.059719492110523416,273,0.651014846,0.748824443,0.605718573
GLUC-102,GLUC,0.5702066626666666,5.144202377559639,0.029332584697902134,265,0.574682581,0.603683902,0.532253505
GLUC-104,GLUC,0.8959287926666667,2.6692520796490196,0.023914597930429354,259,0.928600752,0.887160461,0.872025165
GLUC-106,GLUC,0.7816603073333334,4.586087300111041,0.03584762408462293,254,0.744040007,0.829900255,0.77104066
GLUC-107,GLUC,1.0376142873333334,4.589674591219995,0.047623119300606434,251,1.103942499,1.014567913,0.99433245
GLUC-108,GLUC,0.6204206126666666,7.106674691720002,0.04409127466259618,248,0.561907179,0.668337295,0.631017364
GLUC-110,GLUC,0.21488311066666665,5.392876100427882,0.011588379918998663,242,0.198651666,0.224958674,0.221038992
GLUC-111,GLUC,0.37638367500000003,5.98656589110677,0.022532456707244162,239,0.347338859,0.402258017,0.379554149
GLUC-112,GLUC,0.2333601396666667,1.160935924131894,0.0027091616939946953,236,0.23708368,0.232279888,0.230716851
GLUC-113,GLUC,0.28578160566666666,1.6609834005011357,0.004746785031808946,234,0.279722189,0.291313424,0.286309204
GLUC-114,GLUC,0.219561384,9.16881928730493,0.020131186523665637,231,0.205526989,0.248030244,0.205126919
GLUC-115,GLUC,0.4215527166666666,6.8792416325400385,0.02899962998803688,228,0.382330075,0.451539783,0.430788292
GLUC-117,GLUC,0.19173402566666667,5.6544774937266515,0.010841557329137748,222,0.194128292,0.203652138,0.177421647
GLUC-118,GLUC,0.6982857376666667,2.361962700230701,0.01649324866471747,219,0.717028473,0.676890507,0.700938233
GLUC-119,GLUC,0.7722918403333333,5.222500981362072,0.04033294894038753,217,0.719132431,0.816779031,0.780964059
GLUC-120,GLUC,0.715068113,4.665424685021856,0.03336096425862198,214,0.694679893,0.762108814,0.688415632
GLUC-122,GLUC,0.4974293553333333,1.8686873597693343,0.009295399486896087,208,0.489791634,0.491982387,0.510514045
GLUC-123,GLUC,0.9196728163333333,2.8685029503293635,0.026380841869898815,205,0.930849268,0.944910528,0.883258653
GLUC-124,GLUC,0.7703487680000001,1.6499022946448065,0.012710001999999998,202,0.78305877,0.757638766,
GLUC-125,GLUC,0.545325741,1.6156662265868542,0.008810643822221501,199,0.548294086,0.533361451,0.554321686
GLUC-126,GLUC,0.9832004506666667,2.548067774887644,0.025052613845987424,197,0.961995444,1.018383657,0.969222251
GLUC-127,GLUC,1.0440256316666667,3.430244591807269,0.03581263276732751,194,0.99755743,1.084705267,1.049814198
GLUC-128,GLUC,0.38696513233333335,4.144866847678678,0.01603918948216026,191,0.36529018,0.392012036,0.403593181
GLUC-129,GLUC,0.35209303566666666,4.400676711683713,0.015494476224043228,188,0.355865075,0.368900517,0.331513515
GLUC-130,GLUC,0.373182468,5.138894505770229,0.019177453344549743,185,0.396392301,0.373728264,0.349426839
GLUC-131,GLUC,0.5933163164999999,2.4814014195410983,0.014722559499999954,182,0.608038876,0.578593757,
GLUC-132,GLUC,0.520091675,6.682330413522976,0.03475424417672607,179,0.561487839,0.476446819,0.522340367
GLUC-133,GLUC,0.5330267886666666,9.036539941606879,0.04816717865732782,177,0.594044057,0.476292492,0.528743817
GLUC-134,GLUC,0.6558606610000001,7.477228783726189,0.049040202125428846,174,0.615976613,0.626666556,0.724938814
GLUC-136,GLUC,0.8374663419999999,3.008368014612235,0.025194069565871106,168,0.802111527,0.851317589,0.85896991
GLUC-137,GLUC,0.99626593,7.419282921779728,0.07391578799999998,165,0.922350142,1.070181718,
GLUC-138,GLUC,0.4479110023333333,5.083574448964275,0.02276988926871711,162,0.479586767,0.427054531,0.437091709
GLUC-139,GLUC,0.83732086,0.055504767909399094,0.00046475299999998443,160,0.836856107,0.837785613,
GLUC-140,GLUC,0.7219829663333334,1.1281529685574088,0.008145072267168338,157,0.71555457,0.716919478,0.733474851
GLUC-141,GLUC,0.5918887083333333,2.455563136722538,0.014534200932256512,154,0.600412581,0.571428865,0.603824679
GLUC-142,GLUC,0.5356770986666666,4.5813665839283875,0.02454133159607176,151,0.552405783,0.553647691,0.500977822
GLUC-143,GLUC,0.6208289379999999,6.157880639036202,0.03822990497463606,148,0.614645447,0.670435324,0.577406043
GLUC-145,GLUC,0.6923483913333333,8.221626452940692,0.056922298488370666,142,0.68410717,0.765818002,0.627120002
GLUC-146,GLUC,0.7113366623333333,2.2329561016537585,0.015883835404872357,140,0.727824158,0.689880564,0.716305265
GLUC-149,GLUC,0.555352522,2.3147032723838055,0.012854762999999991,131,0.568207285,0.542497759,
GLUC-152,GLUC,0.5426408226666667,8.818968895491206,0.047855325365210935,123,0.48546319,0.602586249,0.539873029
GLUC-153,GLUC,0.2831829053333333,3.6565288075065956,0.010354664511447464,120,0.294254227,0.285947726,0.269346763
GLUC-155,GLUC,0.309796804,5.235461370350353,0.016219291999999996,114,0.293577512,0.326016096,
GLUC-156,GLUC,0.5093429686666667,6.625238055066081,0.03374518419090731,111,0.492154737,0.556492625,0.479381544
GLUC-157,GLUC,0.3181920153333333,1.8676158495974378,0.005942604510518842,108,0.309866767,0.321359902,0.323349377
GLUC-158,GLUC,0.427937922,5.089072942687229,0.02177807299999998,105,0.406159849,0.449715995,
GLUC-159,GLUC,0.616700155,4.158252887093895,0.025643952000000025,103,0.591056203,0.642344107,
GLUC-161,GLUC,0.5377803266666666,9.598939790253315,0.05162120976056092,97,0.475882945,0.535207986,0.602250049
GLUC-162,GLUC,0.40330223933333337,8.73330106544379,0.035221598764656664,94,0.439299732,0.415119209,0.355487777
GLUC-164,GLUC,0.37574218849999996,3.0666781247003847,0.011522803499999984,88,0.364219385,0.387264992,
GLUC-165,GLUC,0.6216467006666667,3.536004271214252,0.02198145388743581,85,0.612821843,0.651873232,0.600245027
GLUC-166,GLUC,0.5921054503333333,5.8180080461964785,0.034448742742361226,83,0.584612163,0.554163225,0.637540963
GLUC-167,GLUC,0.5024286453333333,9.92479554521991,0.0498650158099514,80,0.4543486,0.571145414,0.481791922
GLUC-168,GLUC,0.4017039185,2.143997382987938,0.008612521499999998,77,0.393091397,0.41031644,
GLUC-169,GLUC,1.0291477313333333,1.4000069579439876,0.01440813984618936,74,1.012304803,1.027638004,1.047500387
GLUC-170,GLUC,0.38905705799999996,9.296052573214759,0.03616694865148263,71,0.364984197,0.440176033,0.362010944
GLUC-171,GLUC,0.4070608713333333,2.594866517408002,0.010562686255697933,68,0.396390414,0.42144936,0.40334284
GLUC-172,GLUC,0.3103113413333334,6.349019467845318,0.019701727472185272,66,0.300827432,0.337742031,0.292364561
GLUC-174,GLUC,0.8165562763333334,7.99251166352654,0.06526335562519968,60,0.757738757,0.907563193,0.784366879
GLUC-175,GLUC,0.6081654853333333,5.3616803747202235,0.03260788947293933,57,0.619990451,0.64085403,0.563651975
GLUC-176,GLUC,0.6811368699999999,8.123342522156229,0.05533108099479398,54,0.711850204,0.728108456,0.60345195
GLUC-179,GLUC,0.8974700656666666,8.372356911690126,0.07513939707319309,46,0.897564325,0.989449491,0.805396381
GLUC-181,GLUC,0.9014921316666666,3.8814694331883617,0.034991141533239845,40,0.859258949,0.900274026,0.94494342
GLUC-183,GLUC,0.7762230156666666,3.974234389445286,0.030848922027413937,34,0.735410556,0.78327854,0.809979951
GLUC-184,GLUC,0.8701052066666666,3.986995445049683,0.03469105495694013,31,0.831305121,0.863502962,0.915507537
GLUC-185,GLUC,0.7888351295,5.940363676463274,0.04685967550000003,29,0.741975454,0.835694805,
