header,1,2,3,4,5,6,7,8,9,10,11,12,13,14,15,16,17,18,19,20,21,22,23,24,25,26,27,28,29,30,31,32,33,34,35,36,37,38,39,40,41,42,43,44,45,46,47,48,49,50
row_1,-0.11987712085917979,-0.07049601745163021,-0.08536328666344882,-0.06692589508467123,-0.08993818485551335,-0.12592165266403577,-0.1248523386926655,-0.13356200382383868,-0.14360091132417044,-0.14867273435765754,-0.16878923512973215,-0.1755594615039537,-0.1625813780232951,-0.1647736243334639,-0.14838350252832486,-0.1492712424942024,-0.15308397376460292,-0.15299892159022943,-0.14962333951848056,-0.14907872516730836,-0.152754243885773,-0.15263893643622345,-0.1534110876150181,-0.15256625782416378,-0.15362248545171897,-0.1531352509757391,-0.162962833720385,-0.16244359384267065,-0.16652490543816928,-0.16602692413895043,-0.17761119447357426,-0.17684576145803488,-0.1766760484308207,-0.17596479414579028,-0.17566903357228097,-0.17497088702817548,-0.17170309884843055,-0.17169847522360598,-0.17323839080961664,-0.17344960225309364,-0.17227214579949196,-0.17242262877951403,-0.1661353599321807,-0.16637431513442613,-0.16565430760783387,-0.16569421311838828,-0.16594188420867528,-0.16616712826520508,-0.16637290977443014,-0.16768984588485453
row_2,-0.09644236392283438,-0.11170265080719646,-0.11909346586614558,-0.09959593617985041,-0.11314988329062096,-0.09577310639728553,-0.10921811844557197,-0.13291823468729808,-0.15778787518076415,-0.16491989405243895,-0.153271399944027,-0.15725520859732106,-0.14563299122358167,-0.1466420437364514,-0.14953475756435358,-0.1522224925269577,-0.14906097689365932,-0.14963671474618978,-0.1533509843017698,-0.1533176861534134,-0.15496745467521594,-0.1546994617141485,-0.15557815257137853,-0.15438215560320764,-0.16406704470299666,-0.16347451553068693,-0.16758716649733163,-0.16703209036707034,-0.17871366712585574,-0.17815100628004144,-0.17796002753021625,-0.17743647449662792,-0.1767902361053011,-0.17624594523818893,-0.173145062644949,-0.17250169217115338,-0.1738394153475698,-0.1732239193317356,-0.17199193158744328,-0.1720379771493771,-0.16559745348483734,-0.16589755735338846,-0.16522887075399834,-0.1654734203685537,-0.165576124750787,-0.1657932498349525,-0.16534690732457943,-0.1656308159846428,-0.1658561993811385,-0.16569417828463262
row_3,-0.08713198452210269,-0.09905668080126101,-0.11369963623318163,-0.13247796009828813,-0.14164323399334572,-0.1237531054483051,-0.16097493611920483,-0.14416169831777664,-0.14463769148382688,-0.14923022860168803,-0.14133619228088384,-0.14373379836918637,-0.14679740287621645,-0.1480707573488776,-0.14583650903283607,-0.14714137015485468,-0.15425343988226864,-0.15389860276865197,-0.15531056140881966,-0.15461539827150939,-0.1552502934997929,-0.15579031365140147,-0.16519394206760807,-0.16506159390538083,-0.1690433690954934,-0.1681888974807471,-0.17974339680564755,-0.17923135805787538,-0.17901539295464453,-0.178514914800425,-0.17765177353072256,-0.17721913580249826,-0.17424976789770086,-0.17375792901739323,-0.17467412714009894,-0.17430437760660036,-0.1725384163113286,-0.17225281896751826,-0.1658053491636176,-0.1654280219331012,-0.16526280830415507,-0.16522737795998935,-0.16559106894166636,-0.16558880927886516,-0.16522668228335516,-0.16519675144518323,-0.16604547650532964,-0.1659585992799429,-0.16562944723292938,-0.16561698909956957
row_4,-0.08245109785458676,-0.10581081564793038,-0.11454697016283176,-0.12547265977758215,-0.151635588813625,-0.17465631074656263,-0.16929351411021093,-0.15443383069404965,-0.14525065047853075,-0.1406859181402172,-0.14430026625389464,-0.14497143487199857,-0.1465555835828502,-0.1477035754976835,-0.1562108569609581,-0.1545146559358558,-0.15710122732065956,-0.15625230906153934,-0.15684268747536528,-0.15599948312347559,-0.16487831162581268,-0.1645075692224146,-0.16915179968649655,-0.16920262484414358,-0.18047830620492278,-0.18033676234672813,-0.17999175095065278,-0.17945392782392844,-0.17831191810651525,-0.1780099234301086,-0.17532307570082695,-0.1747411852436903,-0.17529029071809946,-0.17495013686490002,-0.17302160598618546,-0.17280929718845203,-0.16649993235404897,-0.16617092174170528,-0.1661610615500822,-0.16572858471414703,-0.1660611318142881,-0.1656284936716573,-0.1651791853625885,-0.1652169773637498,-0.16627772188762582,-0.16624253528961602,-0.16590130037577788,-0.16573049646573507,-0.16466028091473356,-0.16455228575994751
row_5,-0.030931994453402112,-0.08627027710226062,-0.11669411930936122,-0.13967002338725448,-0.1528962903730903,-0.1608621013239036,-0.15935931190586222,-0.1533406970902629,-0.1468250080636802,-0.14893713019028545,-0.14743631821474731,-0.14652619681591894,-0.1590052197224253,-0.15568746483226914,-0.1608773586530316,-0.1593891117198837,-0.16053187117765935,-0.158180389730201,-0.16673354025234405,-0.16570102770344147,-0.17107349501013247,-0.17024855332009597,-0.1813889335560303,-0.1803883673619007,-0.1802383908532691,-0.1802025430819728,-0.17889308777298304,-0.1787106365833111,-0.1759868129726861,-0.17561145858714133,-0.17585658936409898,-0.17573918564225044,-0.1737878786614629,-0.17333879673368513,-0.16698294577807765,-0.1667330556725161,-0.1668031721322119,-0.16652210330102468,-0.166775646040283,-0.16644656416549353,-0.16587115571684585,-0.165542995017522,-0.16622503319772133,-0.1662545857918397,-0.16721941213314195,-0.16660678458769101,-0.16539316505357127,-0.1646751831240409,-0.1639916596801754,-0.1639748441500359
row_6,-0.07586285605952353,-0.07783427113837293,-0.1132681737524639,-0.14130305577097352,-0.15343450562867422,-0.17325560341291046,-0.15894959196951094,-0.15234546543201977,-0.15000432294409677,-0.15045298151885825,-0.16280293973741627,-0.15868591407158808,-0.1666425488408652,-0.16476688060244216,-0.16318748855437512,-0.16207195525563983,-0.17030563999146986,-0.1687606661571308,-0.17489178879915263,-0.17206293492445945,-0.1831776848400922,-0.18214243778997347,-0.1819691404865122,-0.18125001710250382,-0.17959769854212407,-0.1788124864337721,-0.17604606900407568,-0.17604703043689723,-0.1762265672588062,-0.17632877566323557,-0.17475460692202394,-0.17388046240501165,-0.16748142764548005,-0.16742783308344894,-0.16747394091780632,-0.16707303303295185,-0.16719742804732074,-0.16698819857571376,-0.16643329688793182,-0.16617083097442795,-0.16635613857344128,-0.16626821704578088,-0.16770856597945755,-0.16748710763335,-0.16635855656157295,-0.16605742222302447,-0.16540659672114438,-0.16472619449804185,-0.1642798775681579,-0.1634484965079429
row_7,-0.0665209762112236,-0.11127542800389495,-0.1182357105827953,-0.12170880139382326,-0.11566393292725236,-0.1472002552843506,-0.1573484913512374,-0.1565157177666775,-0.164094712020377,-0.16197898827720467,-0.16889941184575197,-0.16995253803803972,-0.1684647065752623,-0.16648220552432058,-0.17457922396143538,-0.17119693942884937,-0.17802333043222252,-0.17707919455586046,-0.18832075598066494,-0.186098656425509,-0.18583339003410143,-0.18300835293031587,-0.18076917471360102,-0.17995625957511324,-0.17721562567044497,-0.17683428320918282,-0.1763514356704603,-0.17612857588802322,-0.1747329739630118,-0.1748151084781016,-0.16818231199106032,-0.16819820232643473,-0.16794897722082053,-0.1674440511746071,-0.16741392611632278,-0.16752027108938133,-0.16697731099613586,-0.16666607988985085,-0.166659234985518,-0.166509131675326,-0.16816001443157763,-0.1679142876754547,-0.16679355412188723,-0.16659776587326824,-0.16595649854922537,-0.1657199823988324,-0.16508410596719747,-0.16507932972040498,-0.16480932130092385,-0.16398928735706003
row_8,-0.0781620348256313,-0.07681505325987158,-0.07722736284653248,-0.11129718656071685,-0.13313859761423363,-0.13318739431542712,-0.16408667447172787,-0.1704291616262854,-0.1735883839663943,-0.17532735942559619,-0.17474998201008035,-0.16891081180029768,-0.17620180127582208,-0.17642979141088982,-0.1827389413265186,-0.18148503922861464,-0.19255534146324838,-0.1893945300731519,-0.18883720394141845,-0.18808731858635655,-0.18517507055641627,-0.1832354903006741,-0.17934429989468395,-0.17809152085881363,-0.17714235406536222,-0.1764924182272054,-0.17547834350524544,-0.17503659698524426,-0.16826117808552715,-0.16801713718772632,-0.1679026947260915,-0.1680125855382259,-0.16750491465608644,-0.16774836465325116,-0.16700900504726268,-0.16684787547718577,-0.1667249814060698,-0.16683272088763457,-0.16855514507856795,-0.16835693080999253,-0.1672084044485212,-0.1670231656001424,-0.16626959439472105,-0.16614464519586036,-0.16521513427788326,-0.16515246393599942,-0.16475244926904592,-0.16474916764417127,-0.15984886603024556,-0.15930647290076538
row_9,-0.06874791801260835,-0.0712231112996359,-0.11054429237920907,-0.10371686222211383,-0.13495767090456057,-0.16227436507453044,-0.17932002800374364,-0.17298155784899197,-0.1739497162085581,-0.1746405654144091,-0.1823275393375421,-0.1817739471175704,-0.1898455023602192,-0.1846558054823735,-0.1964549411658869,-0.19391523325418447,-0.19338090752505033,-0.19237538699634238,-0.18736723796211216,-0.18517906547101776,-0.18074236186629222,-0.17997250220310204,-0.1784430811198392,-0.17794161893906785,-0.17716026198731621,-0.1764232189960292,-0.16908532906778145,-0.16861600932826348,-0.16864539064707457,-0.16819702262847494,-0.16753353123368625,-0.16735682708968957,-0.16642571193147862,-0.16669015165686918,-0.1665193356481688,-0.16666484301469436,-0.16833628770672343,-0.16843159999656881,-0.16732654759474683,-0.1673625667353995,-0.16646969873862869,-0.1663727573712581,-0.16521394263042288,-0.16519484739091495,-0.1647123662260818,-0.1647781266433757,-0.16070990306737148,-0.16030945714583159,-0.15211418240043417,-0.15078417739826452
row_10,-0.027128943181542985,-0.09781601082376952,-0.13595062819855797,-0.14565194978021012,-0.150922359635156,-0.14541579724443765,-0.15242923211049916,-0.1789911993668806,-0.1876475565621738,-0.18205763222608942,-0.19264533832473218,-0.1928865714697422,-0.2060937518586218,-0.20275103767351743,-0.20074473082159666,-0.19555614636979024,-0.19128006233840378,-0.18881320652695632,-0.18472739719769382,-0.18323343089543426,-0.18050608838749496,-0.1790746666413536,-0.17851177742190355,-0.1776433423523407,-0.17000224216627063,-0.16947420953484738,-0.16975946523847618,-0.16916523724621207,-0.1683185786369082,-0.16784428788864741,-0.16676004540151865,-0.16653123822766078,-0.16624660750029574,-0.16628769394953738,-0.16794547196429133,-0.16819019325449486,-0.1672297474019559,-0.16731656116019947,-0.16638648521079247,-0.16642608989005941,-0.16544754862376,-0.16524759329021754,-0.16470092845064788,-0.164693373435438,-0.16119364313289164,-0.16095238026396405,-0.15407794284761056,-0.15321349735153034,-0.1514806791390249,-0.15032422009033752
row_11,-0.05656706765013493,-0.07137856431880954,-0.10955811188561272,-0.14433317583041377,-0.15416914648429103,-0.16001040347659468,-0.17399715658894943,-0.16397618276581793,-0.19090054277824375,-0.1977665244610392,-0.21467091783099368,-0.2103788260656542,-0.20747569775244187,-0.20329168052761626,-0.19766447792347863,-0.19575263183847968,-0.19100028488290272,-0.1864992653401685,-0.18392947455944875,-0.18203502004504069,-0.18127828969192475,-0.17994801967134558,-0.17274174044423496,-0.171180403215418,-0.1718257599151278,-0.17049107354887588,-0.1695072870705159,-0.1688631726012847,-0.16763338741369624,-0.1671441751642055,-0.16636136889534192,-0.1663025369414929,-0.16793598034331222,-0.16788818345456247,-0.1669727665224261,-0.16701621948088052,-0.16611066236171532,-0.16630390579178714,-0.16564105069733318,-0.16557618935974455,-0.16500378186201387,-0.16487937358044744,-0.16163128235284818,-0.16140584997428034,-0.15383451916391386,-0.1546467783855106,-0.15282956476970205,-0.15241495266973967,-0.1522140475752514,-0.15115333527848004
row_12,-0.10581314382743137,-0.101259595515156,-0.11503703916354445,-0.12381887276146963,-0.15404872836751612,-0.1731289532317507,-0.1881366797489023,-0.1986290415180889,-0.208705734746089,-0.20882440624926718,-0.20662683934614767,-0.2124144250878479,-0.20422832277776798,-0.20118352230442604,-0.19653003454003107,-0.19308159909734313,-0.19112395274260002,-0.18869420556169667,-0.18751948000073532,-0.18310466233302447,-0.1749262471158965,-0.17396500398958042,-0.17497779304128608,-0.1736436128966088,-0.17210501922446997,-0.17060630871844823,-0.16898105447233314,-0.16816070670390623,-0.16703513234786055,-0.16653770104242738,-0.1681512014768832,-0.16798269285602857,-0.16698222383408348,-0.16697838675454596,-0.16605591415845047,-0.16607463852011195,-0.16567324584948884,-0.16565264526891735,-0.16505730629677384,-0.165043904306088,-0.1619152927985475,-0.1618058153924156,-0.1541054713011941,-0.15398075680356504,-0.15217038013737083,-0.15198610722195283,-0.15182010910351454,-0.15268895830445872,-0.14374311063952894,-0.14302280888285127
row_13,-0.08612255399201546,-0.11313952305465474,-0.14882715993987547,-0.15927185024668913,-0.17038526384574207,-0.1700769299578821,-0.1833238664380091,-0.19448687386102925,-0.19778739572258558,-0.20657108902645066,-0.19551774056691448,-0.19565887483533678,-0.19872083449231048,-0.199688420755286,-0.199153160784019,-0.1934879412007964,-0.19243076284605534,-0.18995591936363276,-0.18083002730828657,-0.17907272997089208,-0.18103290489866775,-0.17668800916833236,-0.17465870999318878,-0.1732507512294431,-0.1709950189805457,-0.17013273500416398,-0.16875527112144934,-0.16774779973557974,-0.16934918345041416,-0.1686311575659517,-0.16758792567727746,-0.16712251657836086,-0.16616862471725258,-0.16603869643007246,-0.16581481052042052,-0.1657373349861803,-0.16509171159132127,-0.1650515877549551,-0.16214017651003743,-0.16203558566649645,-0.1548118340203884,-0.15423394572320023,-0.15249397319642907,-0.15233546137380455,-0.15219338129138507,-0.15201618624066612,-0.14322169416117853,-0.1429454250071019,-0.13795081540875126,-0.13895187720973
row_14,-0.09353878568975543,-0.13377566421390444,-0.14546283945044394,-0.16103599342803682,-0.17752610213759196,-0.18973043050049807,-0.17812137845666076,-0.18590855499255607,-0.18527679396260915,-0.18611704164708726,-0.19128037500724449,-0.1967429114431498,-0.19783441314609312,-0.19919543696492045,-0.1998913905255051,-0.19816208764148613,-0.18923773043918976,-0.18309816966988432,-0.1853060343306328,-0.18311603157956372,-0.1799231697245849,-0.17843953161584275,-0.1750703659565554,-0.171994421417186,-0.17017930722291918,-0.1694083198860167,-0.17089202342727164,-0.17033555977305992,-0.16913301361111502,-0.16828367498177338,-0.1668687747961895,-0.16649363049951085,-0.1663493041431689,-0.1660312639553561,-0.1653215928717474,-0.16514361796433064,-0.1623757760709647,-0.16226795083998236,-0.15581844758685975,-0.15532437400241977,-0.15369477711306645,-0.15313254244889823,-0.15301332621411262,-0.15236249168741156,-0.14364834206733235,-0.14345837148331836,-0.13817426367721342,-0.13807850160339036,-0.1218614264581028,-0.1208921694669074
row_15,-0.07221441702582544,-0.11901855102775759,-0.1365493397380754,-0.16692764961694878,-0.1716180115036601,-0.17116668999849613,-0.1629479193465513,-0.17360045705011673,-0.17391456272633232,-0.18410987504820547,-0.18825788717462175,-0.19366136306141485,-0.1975894076840459,-0.203057719127528,-0.19390998337130105,-0.19132898319703517,-0.19349963654556918,-0.19144730606471155,-0.1869037422875418,-0.1810887109306587,-0.1766817036809263,-0.17610432674120213,-0.17379055074678837,-0.17278204099726047,-0.17388906463995163,-0.17147834758426572,-0.17003969153358428,-0.16959181054396483,-0.167686930695157,-0.16742735733454928,-0.16726264902769908,-0.16669500155304215,-0.16567182248492357,-0.16553815920615153,-0.1628493305468527,-0.162597598799685,-0.15677903254705472,-0.1562592351084542,-0.15470355453201554,-0.1542280647549472,-0.15413289405167527,-0.15358826742734144,-0.1449460334878493,-0.14434214774092385,-0.13909826669080905,-0.1383425713027503,-0.12360822882459402,-0.12269889927241392,-0.12154613377620535,-0.12066151938948635
row_16,-0.02152378946839143,-0.09463364534636892,-0.09218586736504591,-0.14181292930311712,-0.11868985534147647,-0.15396524786034468,-0.14775830719108202,-0.156717500690661,-0.15911897990811985,-0.17939547812556228,-0.18422647279707116,-0.19252678165620934,-0.18388537185566647,-0.18910518893363554,-0.19231220704057772,-0.1953819761723337,-0.19012475502737702,-0.18746958933715768,-0.18311156661927824,-0.18288784378755427,-0.17465087071224802,-0.1737053770255641,-0.17418733476891238,-0.1745477659974214,-0.17189213268229603,-0.1712859052788709,-0.16888046994389386,-0.16777935943594674,-0.1675532349995107,-0.16748337427664328,-0.16597982932092337,-0.16602037703622435,-0.16343811692442733,-0.1630381050438292,-0.15773371323209384,-0.1572992404739444,-0.15578263494012512,-0.15525486130577212,-0.15517814621425657,-0.15461701907252803,-0.1460134421394253,-0.14550348701643495,-0.1403950619983148,-0.13976990119780228,-0.1275110373709574,-0.12559899318692264,-0.12455854782052787,-0.1225085717092416,-0.12175615416823905,-0.12071914128457907
row_17,0.020118235938668176,-0.023073849764100596,0.0010615632248455256,-0.0686865489399355,-0.05694540792669141,-0.11459882061688315,-0.14149609496661295,-0.15693556645078877,-0.16257563605680328,-0.16553347590200568,-0.15685356866764544,-0.17574561615704637,-0.1803476929012448,-0.18822386057505136,-0.18479591545499754,-0.1895098455058139,-0.18439367696324643,-0.18550894538312007,-0.17710108975409336,-0.1747562891782193,-0.1755991849277308,-0.17510064594488767,-0.1729487437961507,-0.17183203481957937,-0.1690335441656009,-0.1694200291187989,-0.16923812976151645,-0.168644333237772,-0.16662044973756118,-0.1658312940999111,-0.16340755633120724,-0.16345104519461678,-0.15858017053538978,-0.15836566455376488,-0.15682845273129642,-0.1562091541792549,-0.15616041403981445,-0.15572819348388778,-0.14728146618137056,-0.14656644917817263,-0.1415960098829394,-0.14097142426985074,-0.12878741559682055,-0.129150735296839,-0.12615880309243646,-0.1260756081270873,-0.12545704853996495,-0.12388569440013456,-0.11510913313445875,-0.114925718461753
row_18,0.12663780044752065,0.06084436333722272,0.052941023197294525,-0.0020952840160875976,-0.05480259241356335,-0.10250228679958022,-0.11197978446689445,-0.1478938012027417,-0.1459626755181443,-0.15422351057238134,-0.15978730390230653,-0.16263326796452754,-0.1663848576615234,-0.17474375290527044,-0.17032522657317511,-0.17980122564151862,-0.174424457481767,-0.17685792440500975,-0.17770290668664915,-0.17796571135139916,-0.17615865907320372,-0.1735854097096275,-0.17012021328206475,-0.1697511784034621,-0.16964926001434644,-0.16893233300563654,-0.16644638367726666,-0.16698215371567926,-0.1647677592537154,-0.16429524210535495,-0.15980062665486724,-0.15871512619937567,-0.15702270890539283,-0.15698829189597074,-0.15694170284193187,-0.15679476569861406,-0.14862233925718588,-0.14785150491410648,-0.14311593667801187,-0.14240013632445403,-0.12863920962856512,-0.12856504141798786,-0.12577912037581063,-0.12590850134970055,-0.12526786814590593,-0.12553145906769916,-0.11523797337584285,-0.1154994358319085,-0.1046521328242069,-0.10412557660756575
row_19,0.11116483115963538,0.08952485127446205,0.015074750004548408,-0.01168560616696595,-0.055800696969049254,-0.08356379950821888,-0.11837322900093898,-0.12325483424846007,-0.13341036060434874,-0.15468094145312808,-0.1534352642431411,-0.16271048450021142,-0.165711693498311,-0.16335027497744503,-0.16565228517357483,-0.1705917773823727,-0.17138902972071932,-0.17542502485795675,-0.17394001288011757,-0.17604942587556555,-0.1713305223417883,-0.17153852431839184,-0.17153247447558673,-0.1700431288599748,-0.1665199414652736,-0.16676865482929265,-0.16487851260194986,-0.16437784013824247,-0.16032917301664917,-0.1604671621491519,-0.15805736771591014,-0.15773891380313176,-0.1575816695290551,-0.156941663025882,-0.1488252677189037,-0.1488278444340187,-0.14421764472889598,-0.14396220310866148,-0.12885932709087208,-0.1286970077326544,-0.12591785985831655,-0.12583656817439884,-0.12491208050226957,-0.12509483231372243,-0.11496528967195141,-0.11507347186371332,-0.10412393923469489,-0.1043560016407725,-0.10039416723087449,-0.10061614729165586
row_20,-0.008538042053250289,0.029884033802971815,-0.03178914377830809,-0.04449299606520903,-0.06449805401072428,-0.08522710046239405,-0.09348622801866643,-0.1266612975698398,-0.1325631709967573,-0.144037949427531,-0.14937877609852773,-0.16000828209790557,-0.16612457042387818,-0.16980136670182291,-0.16906841962418911,-0.169344033322795,-0.1693157456564316,-0.17026154003849336,-0.16591990235029802,-0.16964263895838788,-0.1704062635288202,-0.1718823361400513,-0.165917813833156,-0.16727488364778667,-0.16534944536739532,-0.164747510986671,-0.16087340615293194,-0.1609123185396853,-0.15830259463640628,-0.15787748997998463,-0.15762629783438775,-0.1578364578882967,-0.14980197500924583,-0.1495246442532877,-0.1449640688459524,-0.14424931813646713,-0.1276554098562176,-0.12844128607592456,-0.12566669535021083,-0.12605796223011514,-0.1247556643745856,-0.12478690129767082,-0.11462534276912309,-0.11475386655098879,-0.10358908535512891,-0.10391014965202586,-0.10000676397980472,-0.10021336294942232,-0.09529712070478288,-0.09543567808578825
row_21,-0.08864823263251147,-0.06533549070230744,-0.08724865083957076,-0.05794756231305744,-0.059562554498570154,-0.05971974422072906,-0.05800092580593303,-0.08493875005966234,-0.11171451144623805,-0.13513010956995214,-0.14632330942504695,-0.15846585666005675,-0.15953625566458413,-0.16619858858227105,-0.16882628321107748,-0.16990126882060363,-0.1666539114203359,-0.16538996669932543,-0.16726426070654943,-0.1671087519332969,-0.1612051552133303,-0.16508383881730945,-0.16392596541269178,-0.16427744270915345,-0.16071744720939352,-0.1616187390217712,-0.1593503571903422,-0.15830439312192213,-0.1579039213219606,-0.1579808313422063,-0.14994665817235586,-0.14959801705274084,-0.1450756919350835,-0.14524413440383516,-0.12729782559842534,-0.12770656996276492,-0.12462958596336421,-0.12470188678762328,-0.1231455662830456,-0.12424105047850846,-0.11408974376334943,-0.11459678540081883,-0.10326024302735276,-0.10337233722818101,-0.09951019014045509,-0.09970717330065056,-0.09500999128030564,-0.09514232293656458,-0.09344260848524058,-0.0935443315396868
row_22,-0.08014289223113055,-0.11118155264183326,-0.1095735883779907,-0.0831609174122114,-0.08504463702286766,-0.06276444332763037,-0.09101526697305805,-0.09048757823538905,-0.1212059690339964,-0.13534621407954733,-0.136514988967951,-0.14761471437401685,-0.15529347659731468,-0.1635313220689496,-0.16620088355256016,-0.16733513248353876,-0.17003472396656466,-0.168026208483259,-0.16176305703418445,-0.1612580075535409,-0.1606840707560602,-0.16024347168397968,-0.15645930211608017,-0.16049629716554867,-0.15874380560848467,-0.15876472344596962,-0.1581786486723939,-0.15886236959182537,-0.15159384801167963,-0.15066273849142864,-0.14609322425466248,-0.14540238172930317,-0.12655927300267886,-0.1267072750227899,-0.12352228499967421,-0.1241273853227996,-0.12253529079886932,-0.1230389457873998,-0.11275905393259844,-0.11299214488324422,-0.10130779946225282,-0.10261026902972847,-0.0987304183636293,-0.09936542594849915,-0.09488624073788186,-0.09496918832297759,-0.09329946938455194,-0.0933645117264251,-0.09330162998218933,-0.09337575456583411
row_23,-0.10586593919857183,-0.09393103118219198,-0.06843669002297872,-0.08870438638819794,-0.11448294827983493,-0.1020711916228068,-0.135930344163793,-0.1172800905539903,-0.13063901044684806,-0.12368604765419854,-0.13407175143510508,-0.14512738198973657,-0.1499485321954284,-0.15849272730029282,-0.1676768311374584,-0.16956661272496423,-0.16316822102527206,-0.16383271284565426,-0.16450267748703337,-0.16186722738364373,-0.15789099573083004,-0.1569711485892284,-0.1555546753463098,-0.154791973623279,-0.15377028344671184,-0.15802553178427797,-0.15056200138277437,-0.1507611711145762,-0.14631344286425052,-0.1468801372101333,-0.12701616353331868,-0.12690303068288628,-0.12396409819305715,-0.12340855832743847,-0.1218413540234049,-0.12195401019749627,-0.1116839106533394,-0.11229445509118022,-0.10032802072031527,-0.1007548890086749,-0.09684077935500934,-0.09744397503516417,-0.0930370737919123,-0.09430609760153946,-0.09272122416942788,-0.09326256801433198,-0.09321260574503304,-0.09324255140590497,-0.09302747798392176,-0.0930780448084904
row_24,-0.011220665859978949,-0.05381049467723228,-0.08856948880084728,-0.09864710967789808,-0.1278014238566194,-0.15035606939621454,-0.1564556961861336,-0.13939808191113304,-0.13476896191642146,-0.1302091575702451,-0.13871556466765306,-0.14192474009841716,-0.16166708977490185,-0.16081992805538975,-0.15508447778201662,-0.1618151428193041,-0.16654516625251742,-0.16496725900411463,-0.15941198709631854,-0.15990612828137446,-0.15946003073780454,-0.15720743769918746,-0.15607569659301207,-0.15450997673053873,-0.14668674491260364,-0.14594227509299207,-0.14087083676390705,-0.14590741930088874,-0.12407906924919992,-0.12473104922199285,-0.12194168279718631,-0.12431384342193111,-0.12285969640067171,-0.1224465801430026,-0.11205795643010674,-0.11150199575320208,-0.09941806695930962,-0.09967432366240378,-0.09586638470598838,-0.09646053654629387,-0.09198147684768729,-0.09238242584010012,-0.09086767898004032,-0.09149595679477379,-0.09142232544683315,-0.09267071519211431,-0.09243211479080424,-0.0930012298341976,-0.09011079933413305,-0.09026184818345151
row_25,-0.04284954110645296,-0.055651719599247404,-0.10782375473247177,-0.13863731683838246,-0.14463350729012242,-0.1431318057488165,-0.13766681540347786,-0.1462414350914355,-0.15259405536844917,-0.14258205504226995,-0.16149613115898573,-0.15795112063424918,-0.15253249723115017,-0.15577489275071144,-0.16091977583824474,-0.1604493689491685,-0.15469822615989787,-0.1608517277783822,-0.1612530433757673,-0.15874308975589074,-0.15721255153117838,-0.158018753962583,-0.14997961468141902,-0.14822787908588259,-0.14228454062167525,-0.14103567914851656,-0.11819727694704121,-0.11831977989884032,-0.11616465576664008,-0.12162482385138612,-0.12003993924615078,-0.12034995464977542,-0.11005580987521957,-0.11250142588781475,-0.10045940459735522,-0.09994318475346489,-0.0953650037638315,-0.0955353069939808,-0.09088427033902073,-0.09138011254172793,-0.08990417042319204,-0.09048070161072512,-0.09020298544632895,-0.09079145140644639,-0.09052136710916184,-0.09116683934475558,-0.08790756222388388,-0.08938100128904437,-0.08814618163738186,-0.08911936587817298
row_26,-0.07271061230158593,-0.10844588984135199,-0.1279237151782089,-0.1154585218089044,-0.11555318029474113,-0.14397963593095148,-0.13533949026626285,-0.13564487314432716,-0.15763530791820135,-0.1671071646501533,-0.15951936515782572,-0.15625340490763834,-0.16463144194970497,-0.16060706921709367,-0.15453702666905686,-0.15495679282362237,-0.1565720806365447,-0.15656719537462882,-0.15559460802415043,-0.16009488177512998,-0.15224817828098028,-0.14925703700932683,-0.1432402733287054,-0.14403778263274503,-0.12079158826831585,-0.11924012426093339,-0.11740684160757653,-0.11615812556466901,-0.11465042836723036,-0.11472754150606548,-0.10450841481710196,-0.10992878629603611,-0.09729131252249096,-0.09795766294458941,-0.09263274973765379,-0.09515074643632887,-0.09014867703679368,-0.09049651286701253,-0.08876003311863487,-0.08934644431477864,-0.08874854449328914,-0.08946357348285555,-0.089123812820176,-0.0899093839599469,-0.0864336711431186,-0.08712846080360326,-0.08523096688833343,-0.086276227398172,-0.08434889822960054,-0.08624860025079142
row_27,-0.06034130728707221,-0.09810128858466236,-0.09733507002180476,-0.1263268421556646,-0.11104033415559769,-0.11073945322248094,-0.14687737691682862,-0.15739388245667457,-0.15209762971416307,-0.14815431018443817,-0.16899616381785226,-0.16925332165414136,-0.1589878459888187,-0.15771699021053592,-0.1593257106082632,-0.15572541487149294,-0.1564178002104728,-0.15563424309906332,-0.14802656464652614,-0.14788579117794495,-0.1425410883146382,-0.1462500626594426,-0.12310217265314473,-0.11985289134990817,-0.11841777380614515,-0.1192877638767814,-0.11756594914209119,-0.1157342372391951,-0.10559642802845236,-0.10448319214229632,-0.09141117853675265,-0.09145524590643618,-0.08621376477449473,-0.09195309053352801,-0.0863582145997446,-0.08720926544025955,-0.08508451666514354,-0.08810166275049144,-0.08732631628285561,-0.0880642747623753,-0.08764314356637887,-0.08839285127377186,-0.08500815011533272,-0.08568562613729001,-0.08363935006244438,-0.08442467201853851,-0.08245039316510029,-0.08328832565416189,-0.08015865594291383,-0.08161676047249791
row_28,-0.10625703303358172,-0.06468931554052745,-0.043007594240542096,-0.07571484188993129,-0.09806273219920159,-0.1458068664287336,-0.12756798219145876,-0.1319757955362671,-0.15215410599762647,-0.16593232533219354,-0.1550893445681667,-0.1573653489398813,-0.15668166868707334,-0.1581490801734428,-0.1578391146238397,-0.16001914254004526,-0.15223442148850236,-0.14909302156278526,-0.14439303590488098,-0.14287401994567178,-0.11899872081755222,-0.1190516758907023,-0.11681483666029324,-0.12082937025611237,-0.1159703072582822,-0.11671613525534193,-0.10664507548477162,-0.10738530656034977,-0.09435409079072862,-0.09253540143950552,-0.08739661404681671,-0.08624627443050759,-0.07995587458169254,-0.08041991685365785,-0.07779287349245725,-0.0840687183778267,-0.08314939573075417,-0.0841738276412348,-0.08360267083864692,-0.08690085312795333,-0.08355176408056561,-0.08427967337023899,-0.08208798899654396,-0.0828699312550833,-0.08083608956461524,-0.0816401365661876,-0.07753246955005455,-0.0788497188554921,-0.07740832446657993,-0.07887054378914628
row_29,-0.008677660677902089,-0.0621562296655369,-0.08527951533735045,-0.07049064109982713,-0.06131515254257193,-0.09624776770941852,-0.11314487232419873,-0.14300610718480936,-0.13315493171970644,-0.14021570489999752,-0.14285147997217576,-0.15758045341357846,-0.15776129387933086,-0.15615922057589834,-0.15550500091786307,-0.1567047948854075,-0.1518164768182952,-0.14714941166981532,-0.12255309954305432,-0.12045114440155266,-0.11738949568286958,-0.11645244726989495,-0.11211772085727428,-0.11186947633934101,-0.10178899366535192,-0.10595156813799642,-0.0933961249020687,-0.09357863961760328,-0.08867675663882263,-0.08928614723839726,-0.08131309036709336,-0.08042240912005241,-0.07745611384002982,-0.07721227731198332,-0.07616699201008886,-0.07674196902900257,-0.07609135363864547,-0.08255684004731412,-0.07874654758195199,-0.0798948197434331,-0.07705444563369128,-0.08131496597933535,-0.0792658477960734,-0.08004920253284428,-0.0751359306103816,-0.07633508595767949,-0.07452961690058671,-0.07600173115762829,-0.08465476542391101,-0.085852398998082
row_30,-0.050170113399509116,-0.046120474637863215,-0.04972761893321923,-0.06491338729288729,-0.09101633348701935,-0.09165947134516586,-0.08712655771737676,-0.10483918507939902,-0.10246005464533973,-0.13351677056288647,-0.13706642711410233,-0.14669013552845822,-0.15518438870140056,-0.1564585931108585,-0.1512876145939148,-0.1506379311781287,-0.12819171639169843,-0.1274061974866007,-0.12276577592479532,-0.11837662902502452,-0.11389356845779268,-0.11308320707332523,-0.10272534815430531,-0.10181562136629643,-0.08881713502228117,-0.08906842499141873,-0.0846680223542632,-0.08871999574718319,-0.07984729703513309,-0.08010191857237878,-0.07666918339886641,-0.0779348586920641,-0.07654150548452185,-0.07625279186851215,-0.07535139517313703,-0.07548059827600004,-0.07111523893404303,-0.07179145429944628,-0.06775814436212535,-0.07582498304533869,-0.07356281384773541,-0.07481865845866495,-0.06814228432018035,-0.07392872202020001,-0.07156753744671987,-0.07307046022613381,-0.0825660375460641,-0.08360164270334913,-0.08944062985495277,-0.08976507509454806
row_31,-0.03258589721459493,-0.023638734325420754,-0.05806379108843179,-0.08704476347854151,-0.08421416250390162,-0.08624671338051977,-0.09020830844405645,-0.0928954527353238,-0.09843457290624552,-0.1051012771461729,-0.1133465684478194,-0.14491537357875028,-0.14144432512298188,-0.1521821522393414,-0.12751866405843001,-0.1268001214263722,-0.1241195237563315,-0.12358658424410576,-0.11813452123043512,-0.11846119712900341,-0.10834204771955402,-0.1035677252652134,-0.08998659879145461,-0.08947458073854185,-0.08498365533871927,-0.08449015215782904,-0.07482540240810401,-0.07550221887418582,-0.07202985465273692,-0.07630546291770265,-0.0749738548280765,-0.07530502034359535,-0.07382504062314099,-0.0752731382077492,-0.07089627006094876,-0.07093905745829625,-0.06688303199964317,-0.06712770140547382,-0.06460216924371648,-0.06524217643199731,-0.056618878907351615,-0.06678971824608726,-0.06327136723755032,-0.06507658615169548,-0.07333143836735237,-0.08148624172441876,-0.08885965865214053,-0.08915407894813482,-0.0901311918552481,-0.09030079670057092
row_32,-0.05838707280555956,-0.07467579519967685,-0.07497096978971157,-0.060865833504449546,-0.06851619632447095,-0.08553776880758818,-0.09121569544395147,-0.092812908404831,-0.11060656403851077,-0.11095759381922593,-0.11086449247824241,-0.11233865478020524,-0.0891105746653206,-0.1198444341378681,-0.11763810134329697,-0.12537374680611335,-0.12021366550643767,-0.11938990665798269,-0.10981129362256205,-0.10795717830905555,-0.09673180060377426,-0.0952105256597579,-0.0908545755476966,-0.08541873518371637,-0.07447404712185168,-0.07460798356534225,-0.07093135809976756,-0.07136705283487635,-0.0695067785679224,-0.07062896070702102,-0.06878553601981469,-0.07340838153535081,-0.06905452881871624,-0.06944880268650189,-0.06518832893738008,-0.06682401121737744,-0.06417586043279841,-0.06432148705928356,-0.055892426953697436,-0.055946007018912586,-0.05009044573305889,-0.05116394150118629,-0.05693098040543247,-0.07185437100614975,-0.08026891523555511,-0.08068797052246665,-0.08119829669873103,-0.08993976048796626,-0.08728466913636639,-0.08752329735970343
row_33,-0.03947286514760391,-0.06123901773377865,-0.05811264209200811,-0.07259831593965084,-0.08915237285470294,-0.08817551006846644,-0.12337924353109558,-0.11896554086340183,-0.10620798457693029,-0.11075109001081723,-0.08525544753090963,-0.0869172806670136,-0.09218632988853201,-0.09461272344820046,-0.09344860345012147,-0.11253264155119819,-0.10178787291282959,-0.11068186103221245,-0.10076350990851338,-0.09904330230536895,-0.09518451453209752,-0.09240939203191535,-0.07945680887293143,-0.07948045132858256,-0.07544075428522659,-0.07047149042113905,-0.06820907994351466,-0.06881510820149309,-0.06608408162302176,-0.06743037809609143,-0.06245438778163259,-0.06401095758441593,-0.05907102486685109,-0.06485788458892343,-0.062028498862830475,-0.062399590740000524,-0.05401055859307449,-0.05597626628053961,-0.04981289103456575,-0.04990256738376139,-0.056154656789189475,-0.05592889072226473,-0.06823624988658754,-0.06844839752930532,-0.06908186455043029,-0.08086077041729935,-0.07780714486774193,-0.07815361381877618,-0.07574006073912237,-0.08511744838886048
row_34,-0.027557500344122063,-0.03719603222983006,-0.04823906190822247,-0.07260912708997375,-0.09476221125417286,-0.1168426203381256,-0.09681248330670256,-0.11455320781198562,-0.08614506850804124,-0.08333122680697748,-0.08673081332138005,-0.08850072367239029,-0.08881104014200593,-0.0916580604016072,-0.08287143907179226,-0.0828976217112916,-0.07049918615079148,-0.09080080565921919,-0.08714985091244763,-0.09685800811212383,-0.08060794091393009,-0.07934404056265099,-0.07522906938879131,-0.07544222130882863,-0.06724136191481118,-0.06778253831622749,-0.06468335676966279,-0.06526267848503144,-0.05996561512107114,-0.06092682850843414,-0.055455027754340164,-0.057264148617411526,-0.05410493964163553,-0.056021076750610896,-0.04586527883697277,-0.0535773301093119,-0.046662312501274034,-0.04739239095564791,-0.05395162763469913,-0.056439261991738904,-0.07038638339197062,-0.06930666624556092,-0.06991583652418208,-0.06891614329543862,-0.0650115734550803,-0.06518792201170023,-0.06123901475989338,-0.07538214835887769,-0.07291443427923955,-0.07333915580388092
row_35,-0.010623335845512736,-0.033648019317260955,-0.045830871257397515,-0.059388268147128484,-0.05874970801393915,-0.08892893019733195,-0.0693321435505867,-0.0765464610158023,-0.0728750289038695,-0.08531707126090345,-0.090421048698984,-0.09120948080440047,-0.08029676111281445,-0.08045048340135516,-0.07027156781720084,-0.07367849005702488,-0.07121072593783989,-0.06769266981902036,-0.04866510406611507,-0.06935552071983905,-0.06619192643564811,-0.0772294162261309,-0.06949046144785669,-0.06728524657056288,-0.06155120347081308,-0.06377722593924877,-0.058503203163005474,-0.05924283788431395,-0.05361158134178676,-0.0543547792002745,-0.0509190723533452,-0.052125737008906325,-0.0407995517080653,-0.04341240055890344,-0.03396868441354163,-0.037267975062025456,-0.040430983238841034,-0.053389710836109244,-0.06932638645295561,-0.06918018858156849,-0.06959523665736816,-0.07092804271662592,-0.06703553488789973,-0.06607033694104558,-0.062235240456464704,-0.061067572808185644,-0.056603862664652435,-0.05680342491952944,-0.05194591982783952,-0.07082204808421486
row_36,0.030590842591696588,0.0012090648216035432,0.010728563459009313,-0.032600244969700494,-0.03782986492394376,-0.04963875579359078,-0.05516757305256963,-0.07032237135293065,-0.08723875233571884,-0.08354002319544912,-0.07554641018353188,-0.08179711022220625,-0.07035506458617802,-0.06984283783366396,-0.07043055975696783,-0.06881999242502865,-0.04982003651622611,-0.05250700788840946,-0.04930124936434542,-0.045426733130153746,-0.037273121397841544,-0.05820350512850213,-0.052309381941839574,-0.06372197206305386,-0.05885547868508528,-0.056778692672090056,-0.05117085911800141,-0.052926662475933584,-0.04944147373880213,-0.050212257742380806,-0.0377497195377942,-0.03886175414304558,-0.02764038492923757,-0.030375197322453477,-0.03266865589404226,-0.036779343982829345,-0.05505265921132663,-0.05688761739426618,-0.05605741406158199,-0.0696548425246244,-0.06570205061738721,-0.06560151408311683,-0.061663165855704666,-0.06316336073060767,-0.05865443846612469,-0.057833783464327,-0.05305494503008627,-0.051722381411302976,-0.04489879469717094,-0.04519418802094224
row_37,0.01082729474348451,0.026761870158275095,0.004200513268986654,-0.015493549269302822,-0.01354005737488087,-0.050462697066638224,-0.07666168343332043,-0.08627313082165591,-0.07390874142481282,-0.07871548128356366,-0.06572570232368954,-0.06473493400204751,-0.0734473058699344,-0.07271853758080918,-0.05394010727143171,-0.050577948482554626,-0.047921879898348604,-0.04674410208620716,-0.039581979477127924,-0.04187017957750765,-0.03621624112496741,-0.03135332587095562,-0.024188452809436347,-0.04651061286305211,-0.039504189412783317,-0.053553246971866336,-0.05024970883724085,-0.04777942422483791,-0.03416250154309275,-0.036502582570447,-0.02399818717824928,-0.025925529873232406,-0.028467156559100672,-0.02984880160804557,-0.05258520136422337,-0.05312796327270407,-0.052423032584569276,-0.054181601848959024,-0.048388873225961436,-0.050385400565209834,-0.044393809633611045,-0.06186346521066294,-0.057282742569460414,-0.05700818986308126,-0.051970666239601684,-0.05379416815581163,-0.04667553362308319,-0.04606112109346221,-0.03642224894997725,-0.03548632924561502
row_38,0.010716859647426196,0.009251051026427377,0.012260584090682168,0.0036590525040794625,-0.03131063969789695,-0.032374214753948596,-0.025455506923043356,-0.05291164882655995,-0.050151179040255504,-0.06929884406523372,-0.07281585068600485,-0.07441432480019408,-0.05375085553353278,-0.05536749247853306,-0.04761191827224885,-0.05064001767309102,-0.041099141219247896,-0.040014756453720754,-0.034650074516896986,-0.03389541439601321,-0.030622874153193928,-0.029624593230688976,-0.021533891241381647,-0.014848272487628633,-0.011656239790846415,-0.035972671837432676,-0.01955312107267717,-0.03663689912728905,-0.02243430182678845,-0.020648423756520175,-0.021984648075671805,-0.026417849057695748,-0.052925632855370865,-0.05339352062602519,-0.05315936066170554,-0.05209358731211521,-0.04629666723849184,-0.04663592142815635,-0.040857185307095235,-0.04236511927352202,-0.03400119736447062,-0.03696510278691632,-0.0292351534399028,-0.05220353164369506,-0.04478444817091261,-0.04448463893280341,-0.034461276692901506,-0.03708382410857625,-0.025217890288070394,-0.024810071457864742
row_39,0.006157214534131889,0.02668068642716091,-0.005999474553324516,-0.024788021990103683,-0.013617095080526014,-0.021179954879971916,-0.01786292537534756,-0.029381808665197438,-0.04453334066280352,-0.05769163425766289,-0.040177099143424204,-0.0528394210570649,-0.04877632369096085,-0.046817871025336584,-0.03941959527977626,-0.038901190435227315,-0.034494313279704446,-0.03615437464919822,-0.03425528728865282,-0.0316942534916964,-0.024782171214542997,-0.023092378234669402,-0.020893213421359306,-0.018653823572660346,0.0054480152508639135,0.007748069155051232,0.027727715972011093,-0.002119047645520039,0.001971228011875086,-0.025911291121773882,-0.05777318996373017,-0.050596518035432504,-0.050129580866311405,-0.0525221429114804,-0.046786833286154204,-0.04747156966535095,-0.04279548768854969,-0.040891549655637294,-0.030826229539673792,-0.031570995005627316,-0.02433311022003469,-0.02650224798042093,-0.014839723774554548,-0.018006606108089573,-0.003348017547273721,-0.03456041219485985,-0.02204070747159754,-0.02201563657352703,-0.005194423691929233,-0.009113109444934066
row_40,-0.018145464389412818,-0.02047285690306814,-0.017826488658923532,0.0005617090645744054,0.03390953391383798,0.017615696488425356,-0.004339948804325949,-0.03408874376516416,-0.019119612794274113,-0.025719215508075023,-0.021557258466572166,-0.0353264074266667,-0.03143394245274817,-0.045889887285715435,-0.04378501920301797,-0.035641020445998005,-0.03363039467848909,-0.0326210072388425,-0.027968278815818502,-0.02837389828408884,-0.026367926525083414,-0.02275685341972907,0.001710800668209743,0.004321689080978658,0.02177809159100548,0.024282361602799295,0.02739528576385248,0.03286345153121602,-0.0038896270621123323,-0.027487952725734684,-0.02531838228344308,-0.05723439273369539,-0.050157127601055604,-0.04376714305469538,-0.03936805348268338,-0.042941158407776216,-0.029731638635603193,-0.03088870898364626,-0.024386909034641715,-0.023973581122242956,-0.011248327230481858,-0.01206962709454083,0.0027583673403067423,-1.2472826450310448e-05,0.017834983360312695,0.014335473828476945,0.03825652295333683,-0.004299832447619858,0.02123347920768979,0.020225809976208667
row_41,-0.004769952490315105,0.00815462310368512,0.03169516669259903,0.014111267131272507,-0.005790503057183274,0.012057568472530745,0.014649434093790409,0.010872423044367873,0.009757287130073008,-0.024372243333392375,-0.01255095607809981,-0.011673613571632272,-0.009866781141090714,-0.029034554085949023,-0.02732668371933894,-0.042800094712055675,-0.0378940149019589,-0.03157407120970288,-0.02678205607305878,-0.024914781978821878,0.00010903885023173798,-0.0018883184439190057,0.01731006226632576,0.01717551288957043,0.01786179791528482,0.023653866397004238,-0.01271973322781941,-0.00906632993575171,-0.008698472966403057,-0.0030306891386374796,0.002959892850835949,-0.018237426028730422,-0.014653854016597398,-0.04725559821361127,-0.03116009596536378,-0.02364785558215603,-0.017392307773680313,-0.02377772351120197,-0.009625750739285916,-0.010988983816002482,0.0036497751185136963,0.0034206925342711754,0.021897506890187355,0.021252170556859597,0.0460736971545284,0.04231381058743691,0.07200989237994344,0.06843849852831933,0.09860490967428984,0.05125435586077655
row_42,0.02940962481590214,0.029671210389917782,0.02161041796430067,0.022541870709545136,0.04273496067428463,0.017001295663370573,0.01998946487681655,0.013043396552288982,0.032141589299536685,0.02043524785332838,0.021410617455482697,-0.009982750701235527,-0.008420983168432133,-0.00971957621243412,-0.0036146279841715173,-0.022723865613949255,-0.01652928017268856,-0.032753149760273804,-0.0025837016239754727,-0.0019010308133531467,0.01913453538623477,0.020071050912295177,0.02241649777936159,0.01833559326389176,-0.008987879887806315,-0.016435575570456634,-0.016552080893888748,-0.012847470155546067,-0.008627707049880466,-0.003362691085443747,0.0003139205097490924,0.007334798978081508,0.023683239099742986,0.0011089217861776288,0.005537780477325786,-0.02484161418221749,-0.007948502158273456,-0.0017974383114979578,0.0133268177878052,0.005204333947589353,0.024004955517996307,0.022016731289344782,0.047571340258126954,0.04677545237883826,0.07563085266150692,0.0752001576590331,0.10340286368457227,0.10098873045745979,0.12470953113303118,0.12442810710160926
row_43,0.07525962361308614,0.018191142965295323,0.04303027066883746,0.033883131281033395,0.03542461016114027,0.033900915965047226,0.03467098497842995,0.03477010512433294,0.02542393985155504,0.028383112910726593,0.017288404442453338,0.009962274212497256,0.007420335324363002,-0.008926863434672208,-0.00289687862928837,0.002644789803246072,0.037714695224744146,0.014395825117306551,0.035500646204637755,0.01747226212475552,0.022107372700976773,0.020278421295881408,-0.005149121621472466,-0.004052483375949207,-0.0036378480078789154,-0.00881599604244368,-0.004536537410888157,-0.012496262211850984,-0.011513768902028642,-0.006342525034323898,0.01152877599938237,0.016104269185282995,0.019437967724866462,0.028285782930913963,0.042468320663521374,0.019188044869511405,0.027603303161400018,0.005805366249940776,0.023387527453539586,0.0324134949250961,0.059876075342449604,0.05025169663129171,0.07772463089746254,0.07575971812370497,0.10270143939151632,0.10336139558845882,0.12481306440989944,0.12554262463670057,0.14004265210179145,0.14076363819108856
row_44,0.08400995240628867,0.09922681022686741,0.10179590297722849,0.04816957341926172,0.04240078840117492,0.023106442879511725,0.012861213201238854,0.017885944679338923,0.0062372708523042416,0.02178758316105619,0.01924435035891687,0.009480069440336742,0.013583359846952456,0.011855797189959813,0.04560774122669229,0.029757786370743777,0.05305603910732534,0.061109030810810816,0.06892859699182238,0.04157734052036388,0.016191305393284474,-0.0027329223854840566,-0.002515026176113869,-0.004738910466805866,-0.0012011243393920982,0.0004893313975004848,-0.0003843231063735599,-0.005295553032787215,0.01101409101085258,0.0036107546784124086,0.0037719871046840523,0.013425465732301984,0.02803164273064814,0.033978297360194754,0.040581682843910206,0.05007317287350348,0.06699805925321527,0.03907885589807712,0.05919206826704368,0.0503379687094756,0.07419320853408959,0.08603519340878332,0.1098576767462427,0.10360774496647482,0.12216620100248064,0.12327625719984815,0.13593526869015227,0.13858978014930284,0.14198464180777137,0.14368874623907044
row_45,0.027765620874566355,0.07991225043265152,0.06894647217008666,0.08854905180916861,0.07106892999485322,0.028168879966329153,0.016907834624617837,-0.005082840409297481,-0.010692328108476356,-0.0016996039248441874,-0.009605786080780377,0.011835561900386312,0.04183666187193258,0.04522436101318056,0.06790518464656715,0.0687839100177817,0.07463412151585383,0.05823682434468364,0.03391811412116828,0.04520281726600136,0.04753326245479892,0.017387486220275278,0.020559286117457498,0.001253437570834363,0.0007522030756257781,-0.002482315519899531,0.013267188165009762,0.01654424868041134,0.012807600073449568,0.009950818211153315,0.02149923645253586,0.015200594281890634,0.03672765741228512,0.033680826585570506,0.05994201251589021,0.0637551066757745,0.08349120129608151,0.08633393964319287,0.10001942829540973,0.07538196302985996,0.08754956896705973,0.0954604901310622,0.10886861083805427,0.12621405238071326,0.1369768249985797,0.13405053993236443,0.13713992378104747,0.13907717705593636,0.14217789380445503,0.14570757654604916
row_46,0.016722388698290853,0.034912863350965294,0.024279139481889003,0.045883886744144835,0.03578476059005547,0.04643604515647032,0.03716176733531282,0.013949215992467298,0.0011169862950604695,-0.02137089603452851,0.006232138714835019,0.014965910551309112,0.03130649089302587,0.06266785789084729,0.0644049579756921,0.07401587182720064,0.04906518672784138,0.0506613902354077,0.054934560279056285,0.03724391980952809,0.04352500437253325,0.049263622453436254,0.04931799575039758,0.02032336866568757,0.03550055552002228,0.016711093287986575,0.003637486497692482,0.005092807521111627,0.014567874488792789,0.024187393613385164,0.045614873920886076,0.0430125290057896,0.06922107843477955,0.06256490673071957,0.08590492375606168,0.08312062173601023,0.09701044623052595,0.09749092779445766,0.1065343124175041,0.10947883056504452,0.11894092178089788,0.09887152762819233,0.10719625015098526,0.11871682043791795,0.11944446310658112,0.13915867493092765,0.1402199478973904,0.13978130588412074,0.15477162414107817,0.15362924188217542
row_47,0.010991930695706042,0.02455186006808613,0.006811585289788201,0.01451163265753395,0.005570350328593297,0.018679505269154968,0.01694013473791967,0.01907149325159909,0.06192709266625307,0.03511250325406872,0.05620819092851057,0.028990729469081454,0.023647327693740172,0.02842328735744796,0.04791862588117513,0.0505365129070538,0.05695140983439679,0.052302595636420535,0.059718125893304476,0.06185916173292218,0.06046771679971112,0.04330357514646428,0.059389126802338266,0.06617593700197,0.03481897211323081,0.01566229221547413,0.018172657542770494,0.011487055515038255,0.026565142142920443,0.03256707856063453,0.06135342589004999,0.07135857266763304,0.09744770186145073,0.0929734879240115,0.10637861966615102,0.0999907915062844,0.10827502498280828,0.10543660279313823,0.11582637019137612,0.1160189805963746,0.12242694791103698,0.12506940182965814,0.12650376901685031,0.10844744884626052,0.1081037802224655,0.1182948453864165,0.12990716054435125,0.15428000311291787,0.1517651671884931,0.15565986727509445
row_48,-0.003302291252395781,0.005047220031117415,0.020213944879685967,0.015196526312379152,0.012624834682896414,0.0023085208909205852,0.04303909405464593,0.04527462977404295,0.04355058653657894,0.06825072793422256,0.06530064733074557,0.05137337572447376,0.05511265782777841,0.029925352772264435,0.037702082395875844,0.05502473720134458,0.061561527781868804,0.06464550280357723,0.06613610139071405,0.06079567145286043,0.0745948872162183,0.076993640549789,0.04015585210446954,0.027672675195632674,0.025161759367871576,0.03212242417259851,0.041336029033083435,0.029212549270622244,0.05240568333357651,0.052067349424622864,0.08650270451444003,0.09150418232850367,0.10474663370791351,0.1103947985993563,0.11807905725065665,0.11419351902609652,0.12412342317059215,0.11874775973853839,0.12478502183036605,0.12187787820838415,0.12432245108573159,0.12479356456209842,0.12478225590246834,0.12681235205713978,0.13511006563932354,0.1193076239034577,0.1066473779998724,0.12000639796885237,0.11466447339074091,0.15139481360066787
row_49,0.02084856092396717,0.028219075523370135,0.022842788535001442,0.006344890951128869,0.048059287280812095,0.044791791507283824,0.059423833314865934,0.03794489256321499,0.03856224024167984,0.042024863168179376,0.04661778512130318,0.0656445945269773,0.07503313465695977,0.06580792362888566,0.06295539876522406,0.039788560709127986,0.04126816626282495,0.06248294491143922,0.07697793698683555,0.08008111067325577,0.04358678281727408,0.041007922782055325,0.036647806407575534,0.0356763415067831,0.04285815526517656,0.033046975678596865,0.048946093635415175,0.06062270957360402,0.08366122292593293,0.08200586874900292,0.08932266139365623,0.09851888429910406,0.10373566863046524,0.11180879923490501,0.12269911234572511,0.12782270111940874,0.1328770688335579,0.12968703405112722,0.13219368336944284,0.12754995070416322,0.12857958364081196,0.12497666825451334,0.13353248475921334,0.13338650898089205,0.12548768648710504,0.12799840569632207,0.12128242792745389,0.09785329982097452,0.08108412025567678,0.10119126615159288
row_50,0.0021704673743515417,0.02742299805834476,0.06852351179235919,0.06743519491813048,0.0772629552049078,0.05756360555508584,0.04297952514951624,0.03501526412175463,0.03170197086688127,0.043481745440490445,0.05667150931391113,0.06602390280078187,0.06566002593287261,0.07532833445656395,0.07658680105831855,0.06534518478559415,0.07618782213383449,0.052281877566368554,0.02948808791795167,0.035519068954497204,0.029577552545524577,0.03804571770832893,0.042371656620943894,0.04125123406595688,0.060055282037197365,0.05678915224043439,0.0759590178769823,0.0694075793332058,0.0714325689800476,0.0861208887723007,0.08423819726939767,0.09124538397637486,0.09982510276104775,0.11574582062285485,0.11770069436315692,0.12708964652287857,0.1288139391240247,0.13516308705284147,0.13553571759189695,0.13291858398672776,0.13663387833791413,0.13459680797886364,0.1253002722859447,0.12520346178481204,0.11389903021362238,0.11591922914042124,0.09566952244921013,0.10444127683597058,0.07980926803478253,0.06243800620112344
row_51,0.04611937203908821,0.043178583943748156,0.05760260880978507,0.0767402712813558,0.056822537317853125,0.05257811125299701,0.019300744934431048,0.027049810026540715,0.0398671825563292,0.04605322330479315,0.05106268907157442,0.058605618916332064,0.06166197409045123,0.06446672838848772,0.07205442453396345,0.08517558916620069,0.061184766540121976,0.05231738481722996,0.04327812919223352,0.022336112693888015,0.024782754594474578,0.03322219202334505,0.04781117189962232,0.05966707805595088,0.0743715292449002,0.07635050572715607,0.07685534801285576,0.0769051209419944,0.0740545423187452,0.06944834514036437,0.07526676900618098,0.08865135881577839,0.08562703459450262,0.09944071308030134,0.09656357316750845,0.11724520743498186,0.11436416646433295,0.12850667329826154,0.13396039468956283,0.13825068105792113,0.12643402311145752,0.12606443550570387,0.1122187953867499,0.11286420862377759,0.0866945848172257,0.09159302401405024,0.06543713558387479,0.06958749574806346,0.05196247526607128,0.06111576259251414
row_52,0.06951069374512875,0.06975268664365718,0.031131346119481797,0.03428250669136822,0.008376600313897357,0.016854525065801623,0.052527760175390015,0.04657114283901291,0.04246601357593402,0.04441564026123514,0.0496086422965141,0.05316388521200027,0.05448588454275287,0.06753453379323136,0.04307399847514173,0.044868524424135546,0.03844488284622157,0.05289051081005816,0.05739855653815405,0.04544515879913267,0.05608701064410603,0.038048053519441474,0.05638767702648721,0.06288469624233554,0.06803456455147078,0.07898421976610004,0.07657611170124409,0.07405092791203122,0.08125014511148491,0.08083148612021426,0.07986405540590608,0.07461499159024482,0.06984806513493123,0.07998255144732391,0.07318432686695095,0.09198595507913727,0.09821244831335456,0.12648265337343745,0.1118394090660688,0.12254170182733207,0.10847539817706785,0.1123084402697832,0.08114499933670458,0.08258477840667082,0.05656046321188639,0.060547595782327795,0.045051346640087475,0.04882611116588104,0.041665266439229305,0.045061745504705264
row_53,0.04179753672201675,0.03539535623665595,-0.004037005557380489,0.0014476004968646313,0.03869542880496782,0.038483668516118064,0.03670014756615411,0.029541332577530353,0.03375862656887077,0.04803332243208072,0.04803740531079653,0.05191486709158692,0.03576576096090959,0.0312120287200133,0.028938948003384864,0.037858881831234065,0.0354938577101581,0.04066865202497963,0.06001068050624642,0.068202293189167,0.08191951458824348,0.06902622126110311,0.07288344404735916,0.06140339879996918,0.06490293030583996,0.06667621251669355,0.07681409117398226,0.08472324439448331,0.08353919673964667,0.0798898835551918,0.0745476257709121,0.0742170927838431,0.0671261295781408,0.06387061532408948,0.06159444335881372,0.07089351944781674,0.05788023578664301,0.08457072444228132,0.07240444621363747,0.09710233191376515,0.06710460829697457,0.07716523345623467,0.05513003974534819,0.05673591977915778,0.04344112455501748,0.04170416783469933,0.03494404518324894,0.0382498321138368,0.03525882506007237,0.03924373168631141
row_54,0.03136862823160598,0.02300695442848909,0.06643624048119469,0.034828781854461956,0.03962906308507848,0.042098684567810254,0.03992393955012915,0.04394839526286003,0.043614906213652,0.031850699431361894,0.011720516811375096,0.031841221888743144,0.03418995227315975,0.03526081620155568,0.03452558015471757,0.027835209201985234,0.04234797430707087,0.052022198585147485,0.0630823085036602,0.07259459494129128,0.07899094140760782,0.0837653760364461,0.08582238338562774,0.0749763287333013,0.08586317196248458,0.07596418809470873,0.07604363567743745,0.07640610962377063,0.07196778240766452,0.0781458726396782,0.071092900984115,0.06782234040028606,0.06751293145521439,0.06584660133073807,0.05344273584554305,0.04929384095533017,0.04043513653203243,0.04799932968909458,0.031587519710130144,0.05081727500497048,0.03867081745924672,0.04842728900217219,0.03898740555335009,0.043672532312114036,0.037513327331070094,0.03662383031768224,0.03351270194952293,0.03216241787126251,0.030558943866319657,0.033432363831590144
row_55,0.028123401267427225,0.051687128509955445,0.04982730247763957,0.06702393797873069,0.04568799376880104,0.03167357005047837,0.03633216042004944,0.034381218641739125,0.011185705535057813,0.00921143291945391,0.029391838407327578,0.03247252105878808,0.03206894121987924,0.034869340412808016,0.050218754921191266,0.048924473234093296,0.05775016616003441,0.05157753940383762,0.05602641765703717,0.0677213848356947,0.07306392311516402,0.08220742470427513,0.09262734118571656,0.09639773940093786,0.09682315750258697,0.08557710733201011,0.08061378270192063,0.07231747744056563,0.06650283506732822,0.06569215413787588,0.06738594942839873,0.07133333762706444,0.059675606531422315,0.05574120723302609,0.04784323511214768,0.04477978003248902,0.028403993831739437,0.024696849934283824,0.018013361928849506,0.023161767756215805,0.018864056207426615,0.03256330302817301,0.029072930394665204,0.03371951263429479,0.03111096579140701,0.034571874767799896,0.033058774317714874,0.031799586782058034,0.029302255196739513,0.028277901163015436
row_56,-0.012252069197957259,0.036286762246481336,0.016860867393118845,0.01738183650633346,0.02561468216059558,0.044601440286119266,0.012876546129067802,0.017882972540063193,0.03141025200903213,0.03039710855198301,0.022853337791447215,0.02538811476635468,0.03899147390479369,0.043861207199072105,0.06224243601529972,0.06327734837350246,0.06644873757302758,0.06201592613742181,0.06669655801309965,0.061143153156319616,0.06908737157107273,0.08251004283359116,0.08314595548082579,0.09341525279555311,0.08964771562095758,0.09204212677245005,0.08541953232837013,0.073682287127455,0.07549194023502809,0.06803869923706496,0.05754114633744084,0.05692662319916361,0.05014017537459384,0.05213910801288278,0.034681363465856194,0.03145555351600705,0.02442885854333721,0.0213245090925709,0.017733766222399173,0.014920450888449713,0.01240234294036178,0.015546725991877305,0.013223121119721773,0.026578258106371332,0.024547478240113232,0.029603105046132942,0.027206972363753194,0.030672713153669654,0.027583757180576495,0.026144292978187704
row_57,-0.030328140058244534,-0.026833333108168454,-0.009741269061264692,0.015849136951447913,-0.01720682808514444,-0.024004623605366173,-0.018786640529582423,0.027693006715966365,0.009559359603079357,0.013800840233138318,0.02922914676264314,0.03691579388757508,0.05564780224336055,0.05767101948291411,0.06723527656621947,0.0683577846207135,0.07355158214744051,0.07176732663736217,0.07675889186749962,0.07233218386894476,0.07285767828754866,0.06943186852626516,0.06589590378368075,0.07933624969888156,0.07467688613770626,0.08336272644176834,0.08393744381084431,0.08639441583626664,0.07593673860802501,0.06454574954697609,0.057105725931132015,0.0508275448305628,0.03346653290329307,0.0334059774135805,0.02654295145040668,0.027377423788605106,0.02355109434846859,0.02066968299821709,0.01684795373543724,0.014595234903439426,0.01217666209901938,0.010637874050205779,0.008745853527648367,0.010818740949731816,0.008038704854543006,0.019933008794240818,0.016049129514800954,0.02225769163759964,0.044788949582446294,0.04786562208648787
row_58,-0.036059802947086605,-0.03294450105708864,-0.059554738454689594,-0.034198593684635,-0.041739288973371744,-0.033459006501856105,-0.036104258583830866,-0.03774913464009999,0.0056594530050017335,0.017671921714514774,0.03545333566287151,0.04530895015028591,0.05489810711444963,0.06513614247618145,0.06995537753445444,0.0724315361402822,0.07566918236912268,0.0780402606106402,0.07459214022740678,0.07621579812344395,0.07062072698524775,0.06910073010526399,0.06409935037502346,0.06153771242140157,0.05935674630609219,0.07450157305436342,0.06607896585017406,0.07425621311359162,0.06753890685133862,0.06827427715676244,0.05243496388239551,0.038918911506019255,0.030977155052386345,0.026271566496405083,0.022638180742828695,0.023115407123944366,0.019957923224886397,0.019945069256056998,0.01718899340287198,0.014037437397832784,0.011740348074789044,0.010206431513886218,0.007797931915814902,0.006445840576961025,0.004319353982207305,0.005544010025926058,0.022735317503230785,0.03869169362556755,0.03506621188870063,0.04088040214201908
row_59,-0.06431696956928813,-0.08000739705640186,-0.07404606719980457,-0.06059655216331771,-0.061811169680517496,-0.03892365719683611,0.00038768047030394385,0.009630795991775784,0.01668572512429841,0.024301452880459748,0.03452571503707855,0.04574508052731857,0.05321464391488595,0.06012622249186672,0.05824417037438013,0.07188890469922826,0.06901283974035505,0.07221288471460835,0.06611002289231202,0.068496517184383,0.061625371654541676,0.0653637683507681,0.0638317814847385,0.061818201909993944,0.05382805835849909,0.05126189162111282,0.042264172786488904,0.05986106721288449,0.045338269915002914,0.052478027442095274,0.0438828151684562,0.04391226972438913,0.038173453970062984,0.026193884796140217,0.022052596241291633,0.019443780738398395,0.0169868490187572,0.017529987035089976,0.01584562472122454,0.015075017695542526,0.012211958660605895,0.00888626989471922,0.006192342027700694,0.005513787087073802,0.022561106420993904,0.02074683700896926,0.019719560226408334,0.02130069080761715,0.02159658868395788,0.03353187230221527
row_60,-0.005218933790002898,-0.04088859250039963,-0.04102690383762249,-0.07740626971984263,-0.033223114390660266,-0.03359396278183203,-0.010028636349847821,0.01137328833519738,0.026495754380022486,0.024211829749547338,0.03845636744630529,0.044098075685289936,0.0480876700334922,0.05584829684128555,0.0545725792917168,0.055094492877077635,0.05408898805928338,0.06320459946283133,0.056583536390203554,0.05885314441986009,0.057143321510205125,0.05954655324175385,0.05046390164489833,0.05567831891666014,0.047760080227605486,0.04577016431292611,0.0332731017731941,0.028517544252891144,0.02138486481402818,0.037213646151526225,0.03214251829590709,0.038308584078136775,0.035189834096116014,0.03433392265761694,0.030116464584726103,0.01854862346117861,0.016946661749720003,0.015436031861159681,0.01283545899404368,0.01326085551614732,0.010688389343400367,0.009578169582384343,0.02725351773605607,0.022535707960870503,0.01989043339329969,0.02106129366457906,0.01925334200086031,0.019234613747136052,0.019133239472492066,0.02114996633451396
row_61,-0.06373258996242198,-0.009422663076585697,0.04638405986709558,0.012315078386281465,0.05121051738524854,-0.0019198640139494565,0.02423882248053233,0.010295203486997357,0.033403898981406485,0.034768673278484596,0.031195982899675408,0.04366095842361599,0.043588494895438125,0.05097724694880082,0.048611679396572155,0.05501207660799034,0.04970681574913027,0.04703078189611619,0.04507899125591973,0.0553031266893348,0.045556768656093385,0.04777659227407924,0.03985005601873963,0.04213033119817611,0.036813992384269134,0.035170176636119405,0.027642987917198204,0.02646004071540306,0.02253662413395866,0.017070903217512493,0.013635759578747486,0.028993237959179886,0.02525254375106565,0.031158538346502104,0.029066126872893533,0.02769919815361681,0.023305505882929425,0.013994948170125338,0.010650667999516,0.010089991634037069,0.02479836250439867,0.02826604895075184,0.026464636227072524,0.025045013657087133,0.021057162862683346,0.016389609887468196,0.01577683365900949,0.01898068752698923,0.01995422548363945,0.020210241064432526
row_62,0.05336941328882323,-0.0009974429689319601,0.015119844528183293,0.060370766706919154,0.07107036028114658,0.0718168993553085,0.06341784085887935,0.0398297699885661,0.036034178950969276,0.031583660449713606,0.0440695607755896,0.041120240129824515,0.049892432791926525,0.04039425889978746,0.035426700602330864,0.04374369109462116,0.042056339927362865,0.04841254667697376,0.037293219033572356,0.03469788411459683,0.02868558669217244,0.038916947949160875,0.03148335297320135,0.03439664470022071,0.026562387277232348,0.028630605554053706,0.024633437088104025,0.023693043337781206,0.021682759614818598,0.02021317198994179,0.01777948668078283,0.01068843037428506,0.0085097635836681,0.023227520234010063,0.01933433662632364,0.024761146186957635,0.019876501304518474,0.018259069910121516,0.03138201108976649,0.023609083526075082,0.019849044479375355,0.02223719187492786,0.017398313364223383,0.02228550708043111,0.021588195176575495,0.02043471112576225,0.020374202360140113,0.01612816509051324,0.018930902989193615,0.023711040663596104
row_63,0.10560539067907045,0.052446272714251875,0.03679007786928644,0.013837407255176891,0.030614949322940493,0.05670660670809289,0.05658403792754449,0.05169596969068319,0.05578643393000124,0.04954715533626287,0.05770384941594113,0.05246674538921831,0.04886901569184856,0.046813923870355115,0.04304520517308202,0.033306404138051235,0.024109709457829184,0.03364465773628164,0.030319547161680668,0.03128153559508945,0.024852578897490686,0.021755021330324795,0.01738721973484824,0.024175610188688253,0.021008211521358434,0.022994481400493386,0.02107388634267158,0.022564721680919456,0.02016629293714996,0.019579667568588564,0.01627075578624406,0.0146264426344936,0.012873644565938973,0.005501698778953764,0.0009074452394908922,0.01490357913342052,0.02342965314699509,0.03212219356788698,0.02613682246209022,0.025929735768530346,0.01786171254712828,0.013547123778376313,0.011295216487857342,0.016366237222645578,0.015092029411400143,0.020816526363482968,0.02197979717015808,0.022917970315632075,0.017873615438369714,0.014335490373279726
row_64,-0.011902469340952342,0.04790391501331122,0.05241845527572864,0.03943555334612168,0.03098107993558346,0.0239246533952085,0.040409197990853386,0.07584474006073372,0.07240454831237497,0.05728399840947579,0.05693726255719998,0.0582533618449404,0.054152556004817075,0.04518706835236552,0.03279599606298387,0.03384970945557067,0.024505836781673757,0.021722731849523877,0.020455502374481786,0.024388392954431914,0.014644766047050409,0.0164961167465425,0.013935470410143758,0.014854045074320562,0.014039985385718436,0.018542460083695728,0.017291107090874433,0.01930673073817248,0.016414805207011114,0.016651019592712542,0.015286754794215623,0.014855892964941674,0.006448781326808234,0.008083841673760906,0.011654076576673882,0.0027187406248467896,-0.0023525908452916335,0.017588155858170716,0.009310082704553833,0.01766441576133601,0.013682595813303227,0.014021521772555737,0.010046760551055332,0.009373075196770955,0.007800584871519176,0.015056229777869103,0.00901992298174763,0.015866029312102643,0.028173816161950783,0.03055443241743845
row_65,0.06988047305571934,0.019574131208387205,0.009324385532017889,0.03387970017635086,-0.009561314066148643,0.03117935285000904,0.015569952320784593,0.03194266912198539,0.02580443562750017,0.06899477026530396,0.0712081057989997,0.054745803647796555,0.03747312624449442,0.03732738098951295,0.029559328745312627,0.023680512050982046,0.01844936366587821,0.022985124487565362,0.01328248569174356,0.011067121562818569,0.013252217891113006,0.012394569826796516,0.010776949845767023,0.01293959583377871,0.012065746695090187,0.012835051876815287,0.010684756362320979,0.014941735124101796,0.014345877177087187,0.01573595192964819,0.007861661475642462,0.00660932800110969,0.008794666615466067,0.009258077077205634,0.004338869455951456,0.0069796518264156025,0.0007629712323476492,-0.009025653809208944,-0.012864539803310017,0.005156298339372943,0.0018327172013838933,0.0101528891440953,0.0050913311355277255,0.006294592221123899,-0.002399654429438562,0.001454729970250982,0.0060236636830528975,0.018133802568416818,0.020089216186514908,0.03332353405208034
row_66,0.08575751749733804,0.06369017424563587,0.028506074597162163,-0.029724385516343224,-0.014877483290814597,-0.02163295324839654,0.0033395685412962867,0.025115948519836118,0.03382916833274065,0.02859508513108107,0.0077356153825509245,0.04418145678732653,0.03961418642989692,0.030027216704816364,0.02679469464981425,0.025199777137550228,0.01632212153191881,0.007802187804272322,0.012801371798960204,0.015013761562387254,0.012052517650047691,0.010173761722184038,0.009718109651274304,0.010283073449464171,0.008349757547388335,0.010016929834674764,0.009021405857158039,0.009784300895736928,0.0027739937912996983,0.0066969217865626846,0.009891904905002233,0.010574554248931712,0.00534150008577277,0.0034315790608131537,-0.002492721033337364,-0.001659796726859078,-0.0050350194968183035,-0.002494266767407008,-0.0065464983980152505,-0.016544969193967387,-0.02295882530283977,-0.004013039288852795,-0.012789339224604193,-0.003882716486837908,-0.00553352089703521,-0.0022410796663239405,-0.00551935189715979,0.004737583165905453,0.0014788939731455591,0.016788798562697424
row_67,0.04672816421562184,0.03203285064377615,0.0453647040623472,0.03965481632810072,0.04269492232263561,0.005411337779357577,0.016924631515230763,0.01972582261324118,0.015245228994151318,0.017310582022991072,0.020704916367689855,0.010989860374392747,0.010444706904962502,0.03822546114944107,0.029058421954101098,0.018242003241533765,0.02266143657691541,0.02085863722187912,0.017084461791900946,0.009159231257976033,0.010616750197353333,0.011643866042406244,0.010001966023269056,0.007713991772591562,0.006440440675649256,0.007330270307365326,-0.00037779310745814955,0.00188001148130423,0.004361849151133867,0.005144520390208202,0.00031851798305673404,0.004568960501279522,-0.0008158363666196863,-0.00031088048034171034,-0.003655852701976478,-0.0061238518929237346,-0.009485987413820542,-0.008500061210327627,-0.016830489852797635,-0.014196813696207587,-0.022826284829240817,-0.030219216749229907,-0.038869299639424024,-0.018446118602150403,-0.023914111045223382,-0.009868369910593505,-0.01331645228221802,-0.008803794256213693,-0.016930501079724464,-0.006674402574169611
row_68,0.0791464020136168,0.061435774709266575,0.04521187326161939,0.03220841998751922,0.04315605596545076,0.052335946048510135,0.028467992114366826,0.005188919015407741,0.006871051491287534,0.017401625079848583,0.018386522960576426,0.02023732026252532,0.009530045072409047,0.0033187620348881326,-0.003628449295185186,0.019333914192659736,0.013033318576627081,0.017045499160533405,0.01659419257794878,0.017214344003134544,0.016099112561119015,0.00938113566219105,0.00841091532564726,0.008795813205073898,0.0002694417960541623,-0.0014382132969927262,0.001553006082774866,0.002338587684062695,-0.002900050486548532,-0.00040855231474882375,-0.0047192089965312,-0.004131311569995057,-0.0071807117985880145,-0.003999286987121896,-0.006288214561401648,-0.00615726174015984,-0.014336437205047577,-0.01823992082473435,-0.027064598609831667,-0.025491993844742808,-0.0335478739832101,-0.030660566379430876,-0.03623503710688348,-0.04353435086667778,-0.04579306172942704,-0.027022511015204462,-0.034366245566147986,-0.021431397937037105,-0.026548734230987935,-0.02222997517496078
row_69,0.05359172716221489,0.06267463371289025,0.05532887400536399,0.05272674817006277,0.05461281310621506,0.023002310680629773,-7.111376999890777e-05,0.013331528422382246,0.005092303808050681,-0.005021664091175464,-0.019811444299301893,0.0044420696005805305,-0.002593569540994509,0.002051078709462269,-0.007501822120733636,-0.010496823315208308,-0.013920626945501478,0.010602711699346038,0.010403331104965934,0.015608707403066918,0.01579865737550039,0.015043018734733444,0.006478759479249512,-6.532709532198859e-05,0.0037906762540254532,0.0032518969443297296,-0.002982696727174508,-0.004222990959423051,-0.00910455558517264,-0.0075318287169520645,-0.010886190289261244,-0.00770000076595791,-0.008785738030511126,-0.00870268286983936,-0.01536032507688826,-0.01443974935863808,-0.022652982917811898,-0.022566440774963573,-0.029373362365260572,-0.03538608013657825,-0.040726590002484984,-0.03888296656450577,-0.04168921845395873,-0.03958151610652376,-0.04595221227946386,-0.0511299224774472,-0.05450384946839249,-0.03894204830764929,-0.055848558086197944,-0.04560213407033857
row_70,0.07638464526063674,0.05866392998646953,0.051582541966455966,0.05439890078641957,0.024753126893860757,0.029469987517867807,0.013368175727776968,-0.002599682001957886,-0.021545070789580775,-0.00911960440410451,-0.01612748208530972,-0.021976980939655326,-0.02792602379395612,-0.008030163058206294,-0.014050302560319888,-0.011620625412982753,-0.008510391636052541,-0.012901124258839453,-0.015715676503901002,0.009550159510016315,0.0003162675455876153,0.006679860830958739,0.01074243222991526,0.011143202466171023,0.0038377753499497565,-0.0024922827209345154,-0.007334654230717257,-0.0076235347332040265,-0.010775225410802457,-0.0125906018156875,-0.013287514846825277,-0.011689258221184128,-0.018692258845468993,-0.015421132555165713,-0.02254747323223815,-0.02240988077889384,-0.02778340057496711,-0.029322273541837453,-0.0339725356616181,-0.03419421154643525,-0.036023316791175444,-0.043099836255023685,-0.048957393569538286,-0.04772767105616385,-0.05191485221101827,-0.050395042090875315,-0.06419599352428464,-0.06817122498617326,-0.07311406557314619,-0.06037810027876575
row_71,0.0692926298355384,0.0684398596823491,0.03824180081096739,0.030651406305072956,0.02202045103477502,0.01563931799577741,0.0073412034792141,0.0025091959994307036,-0.011630633705933528,-0.026477050134964472,-0.029554393670837446,-0.022885995608694833,-0.026424579887341575,-0.03090181964747759,-0.022741813544735288,-0.008935088674794187,-0.016269760948038905,-0.01141030440169145,-0.02083568630714909,-0.02619220125591899,-0.024994989565960458,0.003320326666222829,-0.005383729151973587,0.002701284780427981,-0.0016948063943149974,0.0003704352256797619,-0.0013626968568788249,-0.009996140873716804,-0.01249348836516067,-0.013326402403248859,-0.020939929195955137,-0.02066102784811502,-0.028556304250872827,-0.02629219449907666,-0.03188773366648607,-0.028131173200248875,-0.032026365206260156,-0.03163879189548703,-0.032896837551097693,-0.03542490564571847,-0.04071712633915209,-0.0414621134585799,-0.045587949013125184,-0.05300572649420714,-0.06547688312028621,-0.06497126423756347,-0.07017817442190413,-0.06978155681410297,-0.07486127177117519,-0.0775459690229531
row_72,0.019407876091830603,0.05202293205460011,0.04505244635822156,0.036187952849152216,0.02958258691634529,0.016647221240021923,-0.011838390177573732,-0.009367524613955187,-0.023523767549659926,-0.02610973559384961,-0.031518777875844395,-0.03650066962355363,-0.02462126344677407,-0.016315762388698044,-0.018426412774492862,-0.02141205722479114,-0.027774914039365137,-0.02439753833516129,-0.02546500663238764,-0.020608775765056174,-0.029639366269202164,-0.03334066535396514,-0.030985444096022052,-0.009527983311851394,-0.008027525005370306,-0.0038612688356035353,-0.006869610455815505,-0.0031701155067618766,-0.0113098990624637,-0.02014900893325069,-0.027726101022047974,-0.02870712387610184,-0.03333856192129973,-0.03389340174408299,-0.037663139927837826,-0.035750781924828196,-0.036714091590242096,-0.033199048137780636,-0.038023007479380304,-0.03782098483442539,-0.042677289666572575,-0.04486806424932255,-0.06031735363089803,-0.06152673310381324,-0.06806878222721889,-0.07038116939475686,-0.07478309036240476,-0.0749010890128378,-0.07976719858659785,-0.08007483217381801
row_73,-0.010402757293996187,0.008207139926958974,0.007037755959973989,0.04334554303434266,0.037180727337400514,0.0024573200080898645,-0.004423021157143457,-0.02229581334708845,-0.019351744958674755,-0.02908471023824791,-0.02180380296290687,-0.02541693665997487,-0.023482211268640255,-0.02483355226643886,-0.03082745778796414,-0.02526779458594832,-0.02652097936168106,-0.028591736892215995,-0.04094247462387868,-0.035406512154256914,-0.03518988459347492,-0.02783014943675442,-0.025483990332515714,-0.028791728545439984,-0.027593355460981222,-0.010024911202342387,-0.018754356611272522,-0.01585357597760364,-0.022897569556111934,-0.018295921025791168,-0.02096274910811063,-0.03181421036203959,-0.035944645231479236,-0.037120331528360986,-0.037675907398032796,-0.03840370125636487,-0.043024117143607495,-0.04141152437712346,-0.04614422406842109,-0.042841724435101,-0.05598954641423949,-0.05609588725477205,-0.06202166863025102,-0.06680198729971751,-0.07126819650040624,-0.07265516124877235,-0.07696454702062948,-0.07935717034363579,-0.08324428077309963,-0.08387471359315103
row_74,0.03373743996275435,0.017577148505579156,0.01635624876239159,0.00896997674804087,0.009999182730652405,0.039737262777032295,0.034269046278967576,-0.0029710770406242105,0.006496165600530873,-0.012400791552436476,-0.010373989370115345,-0.02089796896937473,-0.027910715938357096,-0.03228660397886843,-0.03490715269799166,-0.03268341796499911,-0.04460001041773477,-0.03918777582346453,-0.04036852433005356,-0.04234884700865841,-0.040048504610634784,-0.03268005651673902,-0.028757618947237752,-0.024149895377462635,-0.02969953312280375,-0.03291442755389984,-0.03971566457593561,-0.02616213981493881,-0.028720721280429046,-0.025191269317558874,-0.03156281811915035,-0.027075464344809154,-0.028001120180951907,-0.03630207570871682,-0.04108733670448421,-0.042131145643310816,-0.046558617092369095,-0.04768905864580427,-0.0607087356598499,-0.05902282743321122,-0.06422021400323012,-0.061584404096024815,-0.06550220652804331,-0.06603367667463594,-0.07169025031597688,-0.07574906496016638,-0.07952148701573582,-0.08060174621358318,-0.08352953970745046,-0.0862589002468734
row_75,-0.012980440193802716,0.022341593723205797,0.007816998156415001,0.007751556384802592,0.01215315046969227,0.02118583274274885,0.03004652010159717,0.03893096106587912,0.04297593381658761,0.005269191990061687,0.00048615054330141544,-0.015657913072599138,-0.02021665347526427,-0.03199615029861594,-0.049266071390876034,-0.04812954660888712,-0.05186150845478263,-0.04749065668171791,-0.042533451879532155,-0.037716115522547076,-0.030936337078697505,-0.03306686434844351,-0.039681942540131895,-0.035305241401186856,-0.04047150734490884,-0.03737934582907014,-0.037338497576015206,-0.0410367980065811,-0.044973793237909745,-0.03504319385697771,-0.03493061784849591,-0.03216689772421301,-0.037518593484112905,-0.03344378611144881,-0.03772985269599588,-0.045442672890403116,-0.05806956276966746,-0.05939413016399088,-0.06438672845243068,-0.06584269215812313,-0.06969310543987246,-0.06793502549001036,-0.07317397274593555,-0.07115499018329302,-0.07494263308465271,-0.0754856389380055,-0.07861886508626828,-0.08256482844668617,-0.08825190172627534,-0.08928580841333902
row_76,-0.004851976199443421,-0.015100297853348694,-0.016879459775480353,0.0013790500384198365,0.018128169325685242,0.024427802312076217,0.03626041618047085,0.03079903992091249,0.009604012017022174,0.031405221571499234,0.029847199472779563,-0.00400539168367499,-0.017770981294209173,-0.036980624465273594,-0.04403500955599281,-0.05378571745158334,-0.04847446676042885,-0.04801584491808931,-0.04034734284712334,-0.03380034337618945,-0.03952215012892099,-0.037384655400631496,-0.041508981355172274,-0.04470256983692443,-0.04326829267521597,-0.03957037227949902,-0.04198857024267015,-0.040012866072187556,-0.040663659479447084,-0.04281725543616556,-0.04554921712349938,-0.03989291237893955,-0.04389556872000461,-0.04169641754707351,-0.05369050056927559,-0.050124337010609143,-0.05439488998365472,-0.06241990834828272,-0.06625796120761915,-0.06831762286615974,-0.07371495709915404,-0.07467318324408126,-0.07821560046257235,-0.07677310954853121,-0.07983626518631881,-0.07812057507688222,-0.08336014016833297,-0.08387048803378255,-0.08891780599627724,-0.09293363090901065
row_77,0.01716112032984001,-0.007174240956614467,0.01174980566961981,0.00686982829395345,0.004133269400530949,0.026431207398311757,0.005190434210671491,0.017548711018877276,0.013987917794054776,0.0065393391746509065,-0.0012352800090496344,0.017122243388895786,0.006635757385699277,-0.024587271621162452,-0.014816069811938027,-0.036077281212261475,-0.028860120728577927,-0.0411420066065948,-0.05066336986943277,-0.0495200419985435,-0.05381437767825935,-0.04271372556461627,-0.04088862497895022,-0.040056864815600876,-0.042269531515497616,-0.04528644980110074,-0.04439496375438158,-0.04208891907502517,-0.04462067841311045,-0.04348113539983141,-0.04615005415756553,-0.04788158169994203,-0.0592014094799745,-0.05611614662714642,-0.05966170018602339,-0.05746512457646051,-0.06142930960619841,-0.0586902587660031,-0.06572359800067279,-0.071739230116699,-0.0758329071371191,-0.07770179047090017,-0.0810551637110151,-0.08113314441799492,-0.08691025022198078,-0.08501135717893606,-0.09040553497309331,-0.08884381164308429,-0.09183950326802706,-0.09141845661257449
row_78,0.04434504003964313,0.04918638362184588,0.019399399912300885,0.002008992925474972,0.015969785518551632,-0.0050245614356008925,0.01023487242595273,0.006726453184327172,-0.003885992755676939,0.002055675031440045,-0.00696369599345362,-0.011102830387166935,0.0007547444901403466,0.01972706576693646,0.028526000689414552,-0.008427584375579882,-0.02217049446396281,-0.043986477811490184,-0.04857169447076739,-0.05517917116454839,-0.04799985191599886,-0.05210112025728774,-0.05485233487805147,-0.043497167251318664,-0.042152912790293776,-0.04108179024533865,-0.045987541192499815,-0.046933427045930357,-0.04890040613318561,-0.04710796035914905,-0.05940859698058617,-0.05833134676074325,-0.0626893600625712,-0.06189477754398873,-0.06459318908960776,-0.0635341742238685,-0.0695450947532633,-0.06792630397861617,-0.07287195472385184,-0.07108963908141513,-0.07546185235415268,-0.07923206283681665,-0.08636216161315206,-0.08769105317221254,-0.09292408135273225,-0.09214685443710909,-0.09572216074820995,-0.09374818240553323,-0.09537376900332581,-0.09326026563043123
